대학명,대학코드,캠퍼스,전형분류,전형명,반영학년도,진로선택_반영비율,일반선택_반영비율,반영교과_인문,반영교과_자연,등급환산방식,반영지표,수능최저,출처URL,비고
가야대학교,0002748,본교,학생부교과,일반학생전형,2027,0,100,전과목,전과목,평균등급 근사(공식 환산점수 아님),등급,없음,https://www.adiga.kr/cmm/com/file/fileDown.do?fileId=00000000000000255224&fileSn=1&menuId=PCUVTINF2000&downLogYn=Y&unvCd=0002748&searchSyr=2027,자동초안:subject=ALL_SUBJECTS|ratio=DEFAULT_GENERAL100_REVIEW|minreq=NO. 점수표 없이 간이 평균등급 추천용으로 포함. 공식 환산점수 아님.
가천대학교,0000063,본교,학생부교과,지역균형 전형,2027,60,40,국·수·영·사·과,국·수·영·사·과,평균등급 근사(공식 환산점수 아님),혼합,없음,https://www.adiga.kr/cmm/com/file/fileDown.do?fileId=00000000000000242952&fileSn=1&menuId=PCUVTINF2000&downLogYn=Y&unvCd=0000063&searchSyr=2027,"gate_pass. 2027 수시모집요강 44쪽, 85~87쪽 원문 확인. 간이층 평균등급 근사."
가천대학교,0000063,본교,학생부교과,특성화고교 전형,2027,0,100,국·수·영·사,국·수·영·과,평균등급 근사(공식 환산점수 아님),등급,없음,https://www.adiga.kr/cmm/com/file/fileDown.do?fileId=00000000000000242952&fileSn=1&menuId=PCUVTINF2000&downLogYn=Y&unvCd=0000063&searchSyr=2027,수동보정. 모집요강 반영방법 기준으로 진로선택 미반영 처리. 공식 환산점수 아님.
가천대학교,0000063,본교,학생부교과,학생부우수자 전형,2027,0,100,국·수·영·사,국·수·영·과,평균등급 근사(공식 환산점수 아님),등급,없음,https://www.adiga.kr/cmm/com/file/fileDown.do?fileId=00000000000000242952&fileSn=1&menuId=PCUVTINF2000&downLogYn=Y&unvCd=0000063&searchSyr=2027,수동보정. 기존 프로토타입 및 모집요강 반영방법 기준. 진로선택 미반영. 공식 환산점수 아님.
가톨릭대학교,0000046,본교,학생부교과,지역균형전형,2027,0,100,전과목,전과목,평균등급 근사(공식 환산점수 아님),등급,없음,https://www.adiga.kr/cmm/com/file/fileDown.do?fileId=00000000000000245155&fileSn=1&menuId=PCUVTINF2000&downLogYn=Y&unvCd=0000046&searchSyr=2027,자동초안:subject=ALL_SUBJECTS|ratio=DEFAULT_GENERAL100_REVIEW|minreq=NO. 점수표 없이 간이 평균등급 추천용으로 포함. 공식 환산점수 아님.
가톨릭대학교,0000046,본교,학생부교과,특성화고교졸업자전형,2027,0,100,전과목,전과목,평균등급 근사(공식 환산점수 아님),등급,없음,https://www.adiga.kr/cmm/com/file/fileDown.do?fileId=00000000000000245155&fileSn=1&menuId=PCUVTINF2000&downLogYn=Y&unvCd=0000046&searchSyr=2027,자동초안:subject=ALL_SUBJECTS|ratio=DEFAULT_GENERAL100_REVIEW|minreq=NO. 점수표 없이 간이 평균등급 추천용으로 포함. 공식 환산점수 아님.
강남대학교,0000051,본교,학생부교과,지역균형전형,2027,0,100,전과목,전과목,평균등급 근사(공식 환산점수 아님),등급,없음,https://www.adiga.kr/cmm/com/file/fileDown.do?fileId=00000000000000242900&fileSn=1&menuId=PCUVTINF2000&downLogYn=Y&unvCd=0000051&searchSyr=2027,자동초안:subject=ALL_SUBJECTS|ratio=DEFAULT_GENERAL100_REVIEW|minreq=NO. 점수표 없이 간이 평균등급 추천용으로 포함. 공식 환산점수 아님.
강남대학교,0000051,본교,학생부교과,특성화고교졸업자전형,2027,0,100,전과목,전과목,평균등급 근사(공식 환산점수 아님),등급,없음,https://www.adiga.kr/cmm/com/file/fileDown.do?fileId=00000000000000242900&fileSn=1&menuId=PCUVTINF2000&downLogYn=Y&unvCd=0000051&searchSyr=2027,자동초안:subject=ALL_SUBJECTS|ratio=DEFAULT_GENERAL100_REVIEW|minreq=NO. 점수표 없이 간이 평균등급 추천용으로 포함. 공식 환산점수 아님.
강서대학교,0000079,본교,학생부교과,교과우수자전형,2027,0,100,국·수·영·사·과,국·수·영·사·과,평균등급 근사(공식 환산점수 아님),등급,없음,https://www.adiga.kr/cmm/com/file/fileDown.do?fileId=00000000000000255087&fileSn=1&menuId=PCUVTINF2000&downLogYn=Y&unvCd=0000079&searchSyr=2027,자동초안:subject=ALL5|ratio=PDF_CAREER_NOT_REFLECTED|minreq=NO. 점수표 없이 간이 평균등급 추천용으로 포함. 공식 환산점수 아님.
강서대학교,0000079,본교,학생부교과,일반학생전형,2027,0,100,국·수·영·사·과,국·수·영·사·과,평균등급 근사(공식 환산점수 아님),등급,없음,https://www.adiga.kr/cmm/com/file/fileDown.do?fileId=00000000000000255087&fileSn=1&menuId=PCUVTINF2000&downLogYn=Y&unvCd=0000079&searchSyr=2027,자동초안:subject=ALL5|ratio=PDF_CAREER_NOT_REFLECTED|minreq=NO. 점수표 없이 간이 평균등급 추천용으로 포함. 공식 환산점수 아님.
강원대학교,0000003,본교,학생부교과,학생부교과,2027,0,100,전과목,전과목,평균등급 근사(공식 환산점수 아님),등급,없음,https://www.adiga.kr/cmm/com/file/fileDown.do?fileId=00000000000000243390&fileSn=1&menuId=PCUVTINF2000&downLogYn=Y&unvCd=0000003&searchSyr=2027,자동초안:subject=ALL_SUBJECTS|ratio=DEFAULT_GENERAL100_REVIEW|minreq=NO. 점수표 없이 간이 평균등급 추천용으로 포함. 공식 환산점수 아님.
건국대학교,0000052,본교,학생부교과,학생부교과,2027,0,100,전과목,전과목,평균등급 근사(공식 환산점수 아님),등급,없음,https://www.adiga.kr/cmm/com/file/fileDown.do?fileId=00000000000000243061&fileSn=1&menuId=PCUVTINF2000&downLogYn=Y&unvCd=0000052&searchSyr=2027,자동초안:subject=ALL_SUBJECTS|ratio=DEFAULT_GENERAL100_REVIEW|minreq=NO. 점수표 없이 간이 평균등급 추천용으로 포함. 공식 환산점수 아님.
건국대학교(글로컬),0000053,분교,학생부교과,학생부교과-교과우수전형,2027,0,100,전과목,전과목,평균등급 근사(공식 환산점수 아님),등급,없음,https://www.adiga.kr/cmm/com/file/fileDown.do?fileId=00000000000000247758&fileSn=1&menuId=PCUVTINF2000&downLogYn=Y&unvCd=0000053&searchSyr=2027,자동초안:subject=ALL_SUBJECTS|ratio=DEFAULT_GENERAL100_REVIEW|minreq=NO. 점수표 없이 간이 평균등급 추천용으로 포함. 공식 환산점수 아님.
경남대학교,0000059,본교,학생부교과,특성화고교졸업자,2027,0,100,전과목,전과목,평균등급 근사(공식 환산점수 아님),등급,없음,https://www.adiga.kr/cmm/com/file/fileDown.do?fileId=00000000000000257833&fileSn=1&menuId=PCUVTINF2000&downLogYn=Y&unvCd=0000059&searchSyr=2027,자동초안:subject=ALL_SUBJECTS|ratio=DEFAULT_GENERAL100_REVIEW|minreq=NO. 점수표 없이 간이 평균등급 추천용으로 포함. 공식 환산점수 아님.
경동대학교,0000060,본교,학생부교과,일반학생전형,2027,0,100,전과목,전과목,평균등급 근사(공식 환산점수 아님),등급,없음,https://www.adiga.kr/cmm/com/file/fileDown.do?fileId=00000000000000244951&fileSn=1&menuId=PCUVTINF2000&downLogYn=Y&unvCd=0000060&searchSyr=2027,자동초안:subject=ALL_SUBJECTS|ratio=DEFAULT_GENERAL100_REVIEW|minreq=NO. 점수표 없이 간이 평균등급 추천용으로 포함. 공식 환산점수 아님.
경동대학교,0002574,제3캠퍼스,학생부교과,일반학생전형,2027,0,100,전과목,전과목,평균등급 근사(공식 환산점수 아님),등급,없음,https://www.adiga.kr/cmm/com/file/fileDown.do?fileId=00000000000000244948&fileSn=1&menuId=PCUVTINF2000&downLogYn=Y&unvCd=0002574&searchSyr=2027,자동초안:subject=ALL_SUBJECTS|ratio=DEFAULT_GENERAL100_REVIEW|minreq=NO. 점수표 없이 간이 평균등급 추천용으로 포함. 공식 환산점수 아님.
경동대학교,0002744,제4캠퍼스,학생부교과,일반학생전형,2027,0,100,전과목,전과목,평균등급 근사(공식 환산점수 아님),등급,없음,https://www.adiga.kr/cmm/com/file/fileDown.do?fileId=00000000000000244954&fileSn=1&menuId=PCUVTINF2000&downLogYn=Y&unvCd=0002744&searchSyr=2027,자동초안:subject=ALL_SUBJECTS|ratio=DEFAULT_GENERAL100_REVIEW|minreq=NO. 점수표 없이 간이 평균등급 추천용으로 포함. 공식 환산점수 아님.
경성대학교,0000062,본교,학생부교과,특성화고교과전형,2027,0,100,전과목,전과목,평균등급 근사(공식 환산점수 아님),등급,없음,https://www.adiga.kr/cmm/com/file/fileDown.do?fileId=00000000000000257303&fileSn=1&menuId=PCUVTINF2000&downLogYn=Y&unvCd=0000062&searchSyr=2027,자동초안:subject=ALL_SUBJECTS|ratio=DEFAULT_GENERAL100_REVIEW|minreq=NO. 점수표 없이 간이 평균등급 추천용으로 포함. 공식 환산점수 아님.
경성대학교,0000062,본교,학생부교과,특성화고동일계전형,2027,0,100,전과목,전과목,평균등급 근사(공식 환산점수 아님),등급,없음,https://www.adiga.kr/cmm/com/file/fileDown.do?fileId=00000000000000257303&fileSn=1&menuId=PCUVTINF2000&downLogYn=Y&unvCd=0000062&searchSyr=2027,자동초안:subject=ALL_SUBJECTS|ratio=DEFAULT_GENERAL100_REVIEW|minreq=NO. 점수표 없이 간이 평균등급 추천용으로 포함. 공식 환산점수 아님.
경인교육대학교,0000256,본교,학생부교과,학생부교과,2027,0,100,전과목,전과목,평균등급 근사(공식 환산점수 아님),등급,없음,https://www.adiga.kr/cmm/com/file/fileDown.do?fileId=00000000000000257264&fileSn=1&menuId=PCUVTINF2000&downLogYn=Y&unvCd=0000256&searchSyr=2027,자동초안:subject=ALL_SUBJECTS|ratio=DEFAULT_GENERAL100_REVIEW|minreq=NO. 점수표 없이 간이 평균등급 추천용으로 포함. 공식 환산점수 아님.
경희대학교,0000066,본교,학생부교과,학생부교과,2027,0,100,전과목,전과목,평균등급 근사(공식 환산점수 아님),등급,없음,https://www.adiga.kr/cmm/com/file/fileDown.do?fileId=00000000000000245976&fileSn=1&menuId=PCUVTINF2000&downLogYn=Y&unvCd=0000066&searchSyr=2027,자동초안:subject=ALL_SUBJECTS|ratio=DEFAULT_GENERAL100_REVIEW|minreq=NO. 점수표 없이 간이 평균등급 추천용으로 포함. 공식 환산점수 아님.
계명대학교,0000068,본교,학생부교과,학생부교과,2027,0,100,전과목,전과목,평균등급 근사(공식 환산점수 아님),등급,없음,https://www.adiga.kr/cmm/com/file/fileDown.do?fileId=00000000000000243040&fileSn=1&menuId=PCUVTINF2000&downLogYn=Y&unvCd=0000068&searchSyr=2027,자동초안:subject=ALL_SUBJECTS|ratio=DEFAULT_GENERAL100_REVIEW|minreq=NO. 점수표 없이 간이 평균등급 추천용으로 포함. 공식 환산점수 아님.
고려대학교(세종),0000070,분교,학생부교과,학생부교과,2027,0,100,국·수·영·사·과,국·수·영·사·과,평균등급 근사(공식 환산점수 아님),등급,없음,https://www.adiga.kr/cmm/com/file/fileDown.do?fileId=00000000000000257700&fileSn=1&menuId=PCUVTINF2000&downLogYn=Y&unvCd=0000070&searchSyr=2027,자동초안:subject=ALL5|ratio=DEFAULT_GENERAL100_REVIEW|minreq=NO. 점수표 없이 간이 평균등급 추천용으로 포함. 공식 환산점수 아님.
고신대학교,0000071,본교,학생부교과,특성화고,2027,0,100,전과목,전과목,평균등급 근사(공식 환산점수 아님),등급,없음,https://www.adiga.kr/cmm/com/file/fileDown.do?fileId=00000000000000243095&fileSn=1&menuId=PCUVTINF2000&downLogYn=Y&unvCd=0000071&searchSyr=2027,자동초안:subject=ALL_SUBJECTS|ratio=DEFAULT_GENERAL100_REVIEW|minreq=NO. 점수표 없이 간이 평균등급 추천용으로 포함. 공식 환산점수 아님.
광주대학교,0000231,본교,학생부교과,학생부교과,2027,0,100,국·수·영·사·과,국·수·영·사·과,평균등급 근사(공식 환산점수 아님),등급,없음,https://www.adiga.kr/cmm/com/file/fileDown.do?fileId=00000000000000247025&fileSn=1&menuId=PCUVTINF2000&downLogYn=Y&unvCd=0000231&searchSyr=2027,자동초안:subject=ALL5|ratio=PDF_CAREER_NOT_REFLECTED|minreq=NO. 점수표 없이 간이 평균등급 추천용으로 포함. 공식 환산점수 아님.
광주여자대학교,0000076,본교,학생부교과,일반학생전형Ⅰ,2027,0,100,전과목,전과목,평균등급 근사(공식 환산점수 아님),등급,없음,https://www.adiga.kr/cmm/com/file/fileDown.do?fileId=00000000000000247286&fileSn=1&menuId=PCUVTINF2000&downLogYn=Y&unvCd=0000076&searchSyr=2027,자동초안:subject=ALL_SUBJECTS|ratio=DEFAULT_GENERAL100_REVIEW|minreq=NO. 점수표 없이 간이 평균등급 추천용으로 포함. 공식 환산점수 아님.
광주여자대학교,0000076,본교,학생부교과,일반학생전형Ⅱ,2027,0,100,전과목,전과목,평균등급 근사(공식 환산점수 아님),등급,없음,https://www.adiga.kr/cmm/com/file/fileDown.do?fileId=00000000000000247286&fileSn=1&menuId=PCUVTINF2000&downLogYn=Y&unvCd=0000076&searchSyr=2027,자동초안:subject=ALL_SUBJECTS|ratio=DEFAULT_GENERAL100_REVIEW|minreq=NO. 점수표 없이 간이 평균등급 추천용으로 포함. 공식 환산점수 아님.
국립강릉원주대학교,0000001,본교,학생부교과,학생부교과전형,2027,0,100,미확인,미확인,평균등급 근사(공식 환산점수 아님),등급,미확인,,자동초안:subject=UNKNOWN|ratio=DEFAULT_GENERAL100_REVIEW|minreq=UNKNOWN|PDF_NOT_FOUND. 점수표 없이 간이 평균등급 추천용으로 포함. 공식 환산점수 아님.
국립경국대학교,0000021,본교,학생부교과,일반학생전형,2027,0,100,국·수·영·사·과,국·수·영·사·과,평균등급 근사(공식 환산점수 아님),등급,없음,https://www.adiga.kr/cmm/com/file/fileDown.do?fileId=00000000000000257807&fileSn=1&menuId=PCUVTINF2000&downLogYn=Y&unvCd=0000021&searchSyr=2027,자동초안:subject=ALL5|ratio=DEFAULT_GENERAL100_REVIEW|minreq=NO. 점수표 없이 간이 평균등급 추천용으로 포함. 공식 환산점수 아님.
국립경국대학교,0000021,본교,학생부교과,특성화고출신자전형,2027,0,100,국·수·영·사·과,국·수·영·사·과,평균등급 근사(공식 환산점수 아님),등급,없음,https://www.adiga.kr/cmm/com/file/fileDown.do?fileId=00000000000000257807&fileSn=1&menuId=PCUVTINF2000&downLogYn=Y&unvCd=0000021&searchSyr=2027,자동초안:subject=ALL5|ratio=DEFAULT_GENERAL100_REVIEW|minreq=NO. 점수표 없이 간이 평균등급 추천용으로 포함. 공식 환산점수 아님.
국립군산대학교,0000009,본교,학생부교과,일반학생전형,2027,0,100,전과목,전과목,평균등급 근사(공식 환산점수 아님),등급,없음,https://www.adiga.kr/cmm/com/file/fileDown.do?fileId=00000000000000242949&fileSn=1&menuId=PCUVTINF2000&downLogYn=Y&unvCd=0000009&searchSyr=2027,자동초안:subject=ALL_SUBJECTS|ratio=DEFAULT_GENERAL100_REVIEW|minreq=NO. 점수표 없이 간이 평균등급 추천용으로 포함. 공식 환산점수 아님.
국립금오공과대학교,0000010,본교,학생부교과,특성화고교출신자전형,2027,0,100,전과목,전과목,평균등급 근사(공식 환산점수 아님),등급,없음,https://www.adiga.kr/cmm/com/file/fileDown.do?fileId=00000000000000256927&fileSn=1&menuId=PCUVTINF2000&downLogYn=Y&unvCd=0000010&searchSyr=2027,자동초안:subject=ALL_SUBJECTS|ratio=DEFAULT_GENERAL100_REVIEW|minreq=NO. 점수표 없이 간이 평균등급 추천용으로 포함. 공식 환산점수 아님.
국립금오공과대학교,0000010,본교,학생부교과,특성화고등을졸업한재직자전형,2027,0,100,전과목,전과목,평균등급 근사(공식 환산점수 아님),등급,없음,https://www.adiga.kr/cmm/com/file/fileDown.do?fileId=00000000000000256927&fileSn=1&menuId=PCUVTINF2000&downLogYn=Y&unvCd=0000010&searchSyr=2027,자동초안:subject=ALL_SUBJECTS|ratio=DEFAULT_GENERAL100_REVIEW|minreq=NO. 점수표 없이 간이 평균등급 추천용으로 포함. 공식 환산점수 아님.
국립금오공과대학교,0000010,본교,학생부교과,학생부교과전형,2027,0,100,전과목,전과목,평균등급 근사(공식 환산점수 아님),등급,없음,https://www.adiga.kr/cmm/com/file/fileDown.do?fileId=00000000000000256927&fileSn=1&menuId=PCUVTINF2000&downLogYn=Y&unvCd=0000010&searchSyr=2027,자동초안:subject=ALL_SUBJECTS|ratio=DEFAULT_GENERAL100_REVIEW|minreq=NO. 점수표 없이 간이 평균등급 추천용으로 포함. 공식 환산점수 아님.
국립목포대학교,0000011,본교,학생부교과,특성화고교전형,2027,0,100,미확인,미확인,평균등급 근사(공식 환산점수 아님),등급,미확인,,자동초안:subject=UNKNOWN|ratio=DEFAULT_GENERAL100_REVIEW|minreq=UNKNOWN|PDF_NOT_FOUND. 점수표 없이 간이 평균등급 추천용으로 포함. 공식 환산점수 아님.
국립목포해양대학교,0000012,본교,학생부교과,특성화고 등을 졸업한 재직자 전형,2027,0,100,전과목,전과목,평균등급 근사(공식 환산점수 아님),등급,없음,https://www.adiga.kr/cmm/com/file/fileDown.do?fileId=00000000000000242838&fileSn=1&menuId=PCUVTINF2000&downLogYn=Y&unvCd=0000012&searchSyr=2027,자동초안:subject=ALL_SUBJECTS|ratio=DEFAULT_GENERAL100_REVIEW|minreq=NO. 점수표 없이 간이 평균등급 추천용으로 포함. 공식 환산점수 아님.
국립목포해양대학교,0000012,본교,학생부교과,특성화고교출신자 전형,2027,0,100,전과목,전과목,평균등급 근사(공식 환산점수 아님),등급,없음,https://www.adiga.kr/cmm/com/file/fileDown.do?fileId=00000000000000242838&fileSn=1&menuId=PCUVTINF2000&downLogYn=Y&unvCd=0000012&searchSyr=2027,자동초안:subject=ALL_SUBJECTS|ratio=DEFAULT_GENERAL100_REVIEW|minreq=NO. 점수표 없이 간이 평균등급 추천용으로 포함. 공식 환산점수 아님.
국립부경대학교,0000013,본교,학생부교과,특성화고교인재전형,2027,0,100,전과목,전과목,평균등급 근사(공식 환산점수 아님),등급,없음,https://www.adiga.kr/cmm/com/file/fileDown.do?fileId=00000000000000243308&fileSn=1&menuId=PCUVTINF2000&downLogYn=Y&unvCd=0000013&searchSyr=2027,자동초안:subject=ALL_SUBJECTS|ratio=DEFAULT_GENERAL100_REVIEW|minreq=NO. 점수표 없이 간이 평균등급 추천용으로 포함. 공식 환산점수 아님.
국립한국교통대학교,0000034,본교,학생부교과,특성화고동일계전형,2027,0,100,전과목,전과목,평균등급 근사(공식 환산점수 아님),등급,없음,https://www.adiga.kr/cmm/com/file/fileDown.do?fileId=00000000000000243055&fileSn=1&menuId=PCUVTINF2000&downLogYn=Y&unvCd=0000034&searchSyr=2027,자동초안:subject=ALL_SUBJECTS|ratio=DEFAULT_GENERAL100_REVIEW|minreq=NO. 점수표 없이 간이 평균등급 추천용으로 포함. 공식 환산점수 아님.
국립한밭대학교,0000039,본교,학생부교과,학생부교과전형,2027,0,100,국·수·영·사·과,국·수·영·사·과,평균등급 근사(공식 환산점수 아님),등급,없음,https://www.adiga.kr/cmm/com/file/fileDown.do?fileId=00000000000000257177&fileSn=1&menuId=PCUVTINF2000&downLogYn=Y&unvCd=0000039&searchSyr=2027,자동초안:subject=ALL5|ratio=DEFAULT_GENERAL100_REVIEW|minreq=NO. 점수표 없이 간이 평균등급 추천용으로 포함. 공식 환산점수 아님.
극동대학교,0000080,본교,학생부교과,교과우수자 전형,2027,0,100,국·수·영·사·과,국·수·영·사·과,평균등급 근사(공식 환산점수 아님),등급,없음,https://www.adiga.kr/cmm/com/file/fileDown.do?fileId=00000000000000252398&fileSn=1&menuId=PCUVTINF2000&downLogYn=Y&unvCd=0000080&searchSyr=2027,자동초안:subject=ALL5|ratio=DEFAULT_GENERAL100_REVIEW|minreq=NO. 점수표 없이 간이 평균등급 추천용으로 포함. 공식 환산점수 아님.
극동대학교,0000080,본교,학생부교과,일반학생 전형,2027,0,100,국·수·영·사·과,국·수·영·사·과,평균등급 근사(공식 환산점수 아님),등급,없음,https://www.adiga.kr/cmm/com/file/fileDown.do?fileId=00000000000000252398&fileSn=1&menuId=PCUVTINF2000&downLogYn=Y&unvCd=0000080&searchSyr=2027,자동초안:subject=ALL5|ratio=DEFAULT_GENERAL100_REVIEW|minreq=NO. 점수표 없이 간이 평균등급 추천용으로 포함. 공식 환산점수 아님.
나사렛대학교,0000081,본교,학생부교과,일반학생전형,2027,0,100,전과목,전과목,평균등급 근사(공식 환산점수 아님),등급,없음,https://www.adiga.kr/cmm/com/file/fileDown.do?fileId=00000000000000254716&fileSn=1&menuId=PCUVTINF2000&downLogYn=Y&unvCd=0000081&searchSyr=2027,자동초안:subject=ALL_SUBJECTS|ratio=DEFAULT_GENERAL100_REVIEW|minreq=NO. 점수표 없이 간이 평균등급 추천용으로 포함. 공식 환산점수 아님.
남부대학교,0000216,본교,학생부교과,일반학생전형,2027,0,100,전과목,전과목,평균등급 근사(공식 환산점수 아님),등급,없음,https://www.adiga.kr/cmm/com/file/fileDown.do?fileId=00000000000000257179&fileSn=1&menuId=PCUVTINF2000&downLogYn=Y&unvCd=0000216&searchSyr=2027,자동초안:subject=ALL_SUBJECTS|ratio=DEFAULT_GENERAL100_REVIEW|minreq=NO. 점수표 없이 간이 평균등급 추천용으로 포함. 공식 환산점수 아님.
단국대학교,0000082,본교,학생부교과,학생부교과전형 - 지역균형선발,2027,0,100,전과목,전과목,평균등급 근사(공식 환산점수 아님),등급,없음,https://www.adiga.kr/cmm/com/file/fileDown.do?fileId=00000000000000242997&fileSn=1&menuId=PCUVTINF2000&downLogYn=Y&unvCd=0000082&searchSyr=2027,자동초안:subject=ALL_SUBJECTS|ratio=DEFAULT_GENERAL100_REVIEW|minreq=NO. 점수표 없이 간이 평균등급 추천용으로 포함. 공식 환산점수 아님.
단국대학교,0000082,본교,학생부교과,학생부종합전형 – 특성화고졸재직자,2027,0,100,전과목,전과목,평균등급 근사(공식 환산점수 아님),등급,없음,https://www.adiga.kr/cmm/com/file/fileDown.do?fileId=00000000000000242997&fileSn=1&menuId=PCUVTINF2000&downLogYn=Y&unvCd=0000082&searchSyr=2027,자동초안:subject=ALL_SUBJECTS|ratio=DEFAULT_GENERAL100_REVIEW|minreq=NO. 점수표 없이 간이 평균등급 추천용으로 포함. 공식 환산점수 아님.
단국대학교,0002726,제2캠퍼스,학생부교과,특성화고졸재직자,2027,0,100,전과목,전과목,평균등급 근사(공식 환산점수 아님),등급,없음,https://www.adiga.kr/cmm/com/file/fileDown.do?fileId=00000000000000243002&fileSn=1&menuId=PCUVTINF2000&downLogYn=Y&unvCd=0002726&searchSyr=2027,자동초안:subject=ALL_SUBJECTS|ratio=DEFAULT_GENERAL100_REVIEW|minreq=NO. 점수표 없이 간이 평균등급 추천용으로 포함. 공식 환산점수 아님.
단국대학교,0002726,제2캠퍼스,학생부교과,학생부교과우수자전형,2027,0,100,전과목,전과목,평균등급 근사(공식 환산점수 아님),등급,없음,https://www.adiga.kr/cmm/com/file/fileDown.do?fileId=00000000000000243002&fileSn=1&menuId=PCUVTINF2000&downLogYn=Y&unvCd=0002726&searchSyr=2027,자동초안:subject=ALL_SUBJECTS|ratio=DEFAULT_GENERAL100_REVIEW|minreq=NO. 점수표 없이 간이 평균등급 추천용으로 포함. 공식 환산점수 아님.
대구가톨릭대학교,0000088,본교,학생부교과,특성화고전형,2027,0,100,전과목,전과목,평균등급 근사(공식 환산점수 아님),등급,없음,https://www.adiga.kr/cmm/com/file/fileDown.do?fileId=00000000000000243207&fileSn=1&menuId=PCUVTINF2000&downLogYn=Y&unvCd=0000088&searchSyr=2027,자동초안:subject=ALL_SUBJECTS|ratio=DEFAULT_GENERAL100_REVIEW|minreq=NO. 점수표 없이 간이 평균등급 추천용으로 포함. 공식 환산점수 아님.
대구대학교,0000084,본교,학생부교과,학생부교과,2027,0,100,전과목,전과목,평균등급 근사(공식 환산점수 아님),등급,없음,https://www.adiga.kr/cmm/com/file/fileDown.do?fileId=00000000000000242852&fileSn=1&menuId=PCUVTINF2000&downLogYn=Y&unvCd=0000084&searchSyr=2027,자동초안:subject=ALL_SUBJECTS|ratio=DEFAULT_GENERAL100_REVIEW|minreq=NO. 점수표 없이 간이 평균등급 추천용으로 포함. 공식 환산점수 아님.
대구한의대학교,0000061,본교,학생부교과,학생부교과 기회균형전형,2027,0,100,전과목,전과목,평균등급 근사(공식 환산점수 아님),등급,없음,https://www.adiga.kr/cmm/com/file/fileDown.do?fileId=00000000000000257996&fileSn=1&menuId=PCUVTINF2000&downLogYn=Y&unvCd=0000061&searchSyr=2027,자동초안:subject=ALL_SUBJECTS|ratio=DEFAULT_GENERAL100_REVIEW|minreq=NO. 점수표 없이 간이 평균등급 추천용으로 포함. 공식 환산점수 아님.
대구한의대학교,0000061,본교,학생부교과,학생부교과 면접전형,2027,0,100,전과목,전과목,평균등급 근사(공식 환산점수 아님),등급,없음,https://www.adiga.kr/cmm/com/file/fileDown.do?fileId=00000000000000257996&fileSn=1&menuId=PCUVTINF2000&downLogYn=Y&unvCd=0000061&searchSyr=2027,자동초안:subject=ALL_SUBJECTS|ratio=DEFAULT_GENERAL100_REVIEW|minreq=NO. 점수표 없이 간이 평균등급 추천용으로 포함. 공식 환산점수 아님.
대구한의대학교,0000061,본교,학생부교과,학생부교과 일반전형,2027,0,100,전과목,전과목,평균등급 근사(공식 환산점수 아님),등급,없음,https://www.adiga.kr/cmm/com/file/fileDown.do?fileId=00000000000000257996&fileSn=1&menuId=PCUVTINF2000&downLogYn=Y&unvCd=0000061&searchSyr=2027,자동초안:subject=ALL_SUBJECTS|ratio=DEFAULT_GENERAL100_REVIEW|minreq=NO. 점수표 없이 간이 평균등급 추천용으로 포함. 공식 환산점수 아님.
대구한의대학교,0000061,본교,학생부교과,학생부교과 지역인재전형,2027,0,100,전과목,전과목,평균등급 근사(공식 환산점수 아님),등급,없음,https://www.adiga.kr/cmm/com/file/fileDown.do?fileId=00000000000000257996&fileSn=1&menuId=PCUVTINF2000&downLogYn=Y&unvCd=0000061&searchSyr=2027,자동초안:subject=ALL_SUBJECTS|ratio=DEFAULT_GENERAL100_REVIEW|minreq=NO. 점수표 없이 간이 평균등급 추천용으로 포함. 공식 환산점수 아님.
대구한의대학교,0000061,본교,학생부교과,학생부교과 특성화고졸업자전형,2027,0,100,전과목,전과목,평균등급 근사(공식 환산점수 아님),등급,없음,https://www.adiga.kr/cmm/com/file/fileDown.do?fileId=00000000000000257996&fileSn=1&menuId=PCUVTINF2000&downLogYn=Y&unvCd=0000061&searchSyr=2027,자동초안:subject=ALL_SUBJECTS|ratio=DEFAULT_GENERAL100_REVIEW|minreq=NO. 점수표 없이 간이 평균등급 추천용으로 포함. 공식 환산점수 아님.
대전가톨릭대학교,0000094,본교,학생부교과,학생부교과전형,2027,0,100,전과목,전과목,평균등급 근사(공식 환산점수 아님),등급,없음,https://www.adiga.kr/cmm/com/file/fileDown.do?fileId=00000000000000256547&fileSn=1&menuId=PCUVTINF2000&downLogYn=Y&unvCd=0000094&searchSyr=2027,자동초안:subject=ALL_SUBJECTS|ratio=DEFAULT_GENERAL100_REVIEW|minreq=NO. 점수표 없이 간이 평균등급 추천용으로 포함. 공식 환산점수 아님.
대진대학교,0000097,본교,학생부교과,학교장추천전형,2027,0,100,전과목,전과목,평균등급 근사(공식 환산점수 아님),등급,없음,https://www.adiga.kr/cmm/com/file/fileDown.do?fileId=00000000000000242970&fileSn=1&menuId=PCUVTINF2000&downLogYn=Y&unvCd=0000097&searchSyr=2027,자동초안:subject=ALL_SUBJECTS|ratio=DEFAULT_GENERAL100_REVIEW|minreq=NO. 점수표 없이 간이 평균등급 추천용으로 포함. 공식 환산점수 아님.
대진대학교,0000097,본교,학생부교과,학생부우수자전형,2027,0,100,전과목,전과목,평균등급 근사(공식 환산점수 아님),등급,없음,https://www.adiga.kr/cmm/com/file/fileDown.do?fileId=00000000000000242970&fileSn=1&menuId=PCUVTINF2000&downLogYn=Y&unvCd=0000097&searchSyr=2027,자동초안:subject=ALL_SUBJECTS|ratio=DEFAULT_GENERAL100_REVIEW|minreq=NO. 점수표 없이 간이 평균등급 추천용으로 포함. 공식 환산점수 아님.
동명대학교,0000235,본교,학생부교과,특성화고 등을 졸업한 재직자 전형,2027,0,100,미확인,미확인,평균등급 근사(공식 환산점수 아님),등급,미확인,https://www.adiga.kr/cmm/com/file/fileDown.do?fileId=00000000000000255198&fileSn=1&menuId=PCUVTINF2000&downLogYn=Y&unvCd=0000235&searchSyr=2027,자동초안:subject=UNKNOWN|ratio=DEFAULT_GENERAL100_REVIEW|minreq=UNKNOWN. 점수표 없이 간이 평균등급 추천용으로 포함. 공식 환산점수 아님.
동명대학교,0000235,본교,학생부교과,특성화고교과 전형,2027,0,100,미확인,미확인,평균등급 근사(공식 환산점수 아님),등급,미확인,https://www.adiga.kr/cmm/com/file/fileDown.do?fileId=00000000000000255198&fileSn=1&menuId=PCUVTINF2000&downLogYn=Y&unvCd=0000235&searchSyr=2027,자동초안:subject=UNKNOWN|ratio=DEFAULT_GENERAL100_REVIEW|minreq=UNKNOWN. 점수표 없이 간이 평균등급 추천용으로 포함. 공식 환산점수 아님.
동명대학교,0000235,본교,학생부교과,특성화고동일계 전형,2027,0,100,미확인,미확인,평균등급 근사(공식 환산점수 아님),등급,미확인,https://www.adiga.kr/cmm/com/file/fileDown.do?fileId=00000000000000255198&fileSn=1&menuId=PCUVTINF2000&downLogYn=Y&unvCd=0000235&searchSyr=2027,자동초안:subject=UNKNOWN|ratio=DEFAULT_GENERAL100_REVIEW|minreq=UNKNOWN. 점수표 없이 간이 평균등급 추천용으로 포함. 공식 환산점수 아님.
동서대학교,0000103,본교,학생부교과,특성화교과 전형,2027,0,100,전과목,전과목,평균등급 근사(공식 환산점수 아님),등급,없음,https://www.adiga.kr/cmm/com/file/fileDown.do?fileId=00000000000000244507&fileSn=1&menuId=PCUVTINF2000&downLogYn=Y&unvCd=0000103&searchSyr=2027,자동초안:subject=ALL_SUBJECTS|ratio=DEFAULT_GENERAL100_REVIEW|minreq=NO. 점수표 없이 간이 평균등급 추천용으로 포함. 공식 환산점수 아님.
동아대학교,0000105,본교,학생부교과,특성화고교출신자전형,2027,0,100,국·수·영·사·과,국·수·영·사·과,평균등급 근사(공식 환산점수 아님),등급,없음,https://www.adiga.kr/cmm/com/file/fileDown.do?fileId=00000000000000242892&fileSn=1&menuId=PCUVTINF2000&downLogYn=Y&unvCd=0000105&searchSyr=2027,자동초안:subject=ALL5|ratio=DEFAULT_GENERAL100_REVIEW|minreq=NO. 점수표 없이 간이 평균등급 추천용으로 포함. 공식 환산점수 아님.
동양대학교,0000106,본교,학생부교과,특성화고교졸업자전형,2027,0,100,전과목,전과목,평균등급 근사(공식 환산점수 아님),등급,없음,https://www.adiga.kr/cmm/com/file/fileDown.do?fileId=00000000000000244728&fileSn=1&menuId=PCUVTINF2000&downLogYn=Y&unvCd=0000106&searchSyr=2027,자동초안:subject=ALL_SUBJECTS|ratio=DEFAULT_GENERAL100_REVIEW|minreq=NO. 점수표 없이 간이 평균등급 추천용으로 포함. 공식 환산점수 아님.
동의대학교,0000107,본교,학생부교과,특성화고동일계전형,2027,0,100,전과목,전과목,평균등급 근사(공식 환산점수 아님),등급,없음,https://www.adiga.kr/cmm/com/file/fileDown.do?fileId=00000000000000252168&fileSn=1&menuId=PCUVTINF2000&downLogYn=Y&unvCd=0000107&searchSyr=2027,자동초안:subject=ALL_SUBJECTS|ratio=DEFAULT_GENERAL100_REVIEW|minreq=NO. 점수표 없이 간이 평균등급 추천용으로 포함. 공식 환산점수 아님.
동의대학교,0000107,본교,학생부교과,특성화고전형,2027,0,100,전과목,전과목,평균등급 근사(공식 환산점수 아님),등급,없음,https://www.adiga.kr/cmm/com/file/fileDown.do?fileId=00000000000000252168&fileSn=1&menuId=PCUVTINF2000&downLogYn=Y&unvCd=0000107&searchSyr=2027,자동초안:subject=ALL_SUBJECTS|ratio=DEFAULT_GENERAL100_REVIEW|minreq=NO. 점수표 없이 간이 평균등급 추천용으로 포함. 공식 환산점수 아님.
명지대학교,0000109,본교,학생부교과,학생부교과,2027,0,100,전과목,전과목,평균등급 근사(공식 환산점수 아님),등급,없음,https://www.adiga.kr/cmm/com/file/fileDown.do?fileId=00000000000000243027&fileSn=1&menuId=PCUVTINF2000&downLogYn=Y&unvCd=0000109&searchSyr=2027,자동초안:subject=ALL_SUBJECTS|ratio=PDF_CAREER_NOT_REFLECTED|minreq=NO. 점수표 없이 간이 평균등급 추천용으로 포함. 공식 환산점수 아님.
명지대학교,0000111,제2캠퍼스,학생부교과,학생부교과,2027,0,100,전과목,전과목,평균등급 근사(공식 환산점수 아님),등급,없음,https://www.adiga.kr/cmm/com/file/fileDown.do?fileId=00000000000000243030&fileSn=1&menuId=PCUVTINF2000&downLogYn=Y&unvCd=0000111&searchSyr=2027,자동초안:subject=ALL_SUBJECTS|ratio=PDF_CAREER_NOT_REFLECTED|minreq=NO. 점수표 없이 간이 평균등급 추천용으로 포함. 공식 환산점수 아님.
목원대학교,0000112,본교,학생부교과,학생부교과 교과면접전형,2027,0,100,전과목,전과목,평균등급 근사(공식 환산점수 아님),등급,없음,https://www.adiga.kr/cmm/com/file/fileDown.do?fileId=00000000000000239967&fileSn=1&menuId=PCUVTINF2000&downLogYn=Y&unvCd=0000112&searchSyr=2027,자동초안:subject=ALL_SUBJECTS|ratio=DEFAULT_GENERAL100_REVIEW|minreq=NO. 점수표 없이 간이 평균등급 추천용으로 포함. 공식 환산점수 아님.
목원대학교,0000112,본교,학생부교과,학생부교과 교과전형,2027,0,100,전과목,전과목,평균등급 근사(공식 환산점수 아님),등급,없음,https://www.adiga.kr/cmm/com/file/fileDown.do?fileId=00000000000000239967&fileSn=1&menuId=PCUVTINF2000&downLogYn=Y&unvCd=0000112&searchSyr=2027,자동초안:subject=ALL_SUBJECTS|ratio=DEFAULT_GENERAL100_REVIEW|minreq=NO. 점수표 없이 간이 평균등급 추천용으로 포함. 공식 환산점수 아님.
목원대학교,0000112,본교,학생부교과,학생부교과 사회적배려자전형,2027,0,100,전과목,전과목,평균등급 근사(공식 환산점수 아님),등급,없음,https://www.adiga.kr/cmm/com/file/fileDown.do?fileId=00000000000000239967&fileSn=1&menuId=PCUVTINF2000&downLogYn=Y&unvCd=0000112&searchSyr=2027,자동초안:subject=ALL_SUBJECTS|ratio=DEFAULT_GENERAL100_REVIEW|minreq=NO. 점수표 없이 간이 평균등급 추천용으로 포함. 공식 환산점수 아님.
목원대학교,0000112,본교,학생부교과,학생부교과 정원외전형,2027,0,100,전과목,전과목,평균등급 근사(공식 환산점수 아님),등급,없음,https://www.adiga.kr/cmm/com/file/fileDown.do?fileId=00000000000000239967&fileSn=1&menuId=PCUVTINF2000&downLogYn=Y&unvCd=0000112&searchSyr=2027,자동초안:subject=ALL_SUBJECTS|ratio=DEFAULT_GENERAL100_REVIEW|minreq=NO. 점수표 없이 간이 평균등급 추천용으로 포함. 공식 환산점수 아님.
목원대학교,0000112,본교,학생부교과,학생부교과 지역인재전형,2027,0,100,전과목,전과목,평균등급 근사(공식 환산점수 아님),등급,없음,https://www.adiga.kr/cmm/com/file/fileDown.do?fileId=00000000000000239967&fileSn=1&menuId=PCUVTINF2000&downLogYn=Y&unvCd=0000112&searchSyr=2027,자동초안:subject=ALL_SUBJECTS|ratio=DEFAULT_GENERAL100_REVIEW|minreq=NO. 점수표 없이 간이 평균등급 추천용으로 포함. 공식 환산점수 아님.
목포가톨릭대학교,0000221,본교,학생부교과,일반학생전형,2027,0,100,미확인,미확인,평균등급 근사(공식 환산점수 아님),등급,미확인,https://www.adiga.kr/cmm/com/file/fileDown.do?fileId=00000000000000256894&fileSn=1&menuId=PCUVTINF2000&downLogYn=Y&unvCd=0000221&searchSyr=2027,자동초안:subject=UNKNOWN|ratio=DEFAULT_GENERAL100_REVIEW|minreq=UNKNOWN. 점수표 없이 간이 평균등급 추천용으로 포함. 공식 환산점수 아님.
배재대학교,0000113,본교,학생부교과,특성화고교 졸업자 특별전형,2027,0,100,전과목,전과목,평균등급 근사(공식 환산점수 아님),등급,없음,https://www.adiga.kr/cmm/com/file/fileDown.do?fileId=00000000000000243046&fileSn=1&menuId=PCUVTINF2000&downLogYn=Y&unvCd=0000113&searchSyr=2027,자동초안:subject=ALL_SUBJECTS|ratio=DEFAULT_GENERAL100_REVIEW|minreq=NO. 점수표 없이 간이 평균등급 추천용으로 포함. 공식 환산점수 아님.
부산가톨릭대학교,0000114,본교,학생부교과,학생부교과,2027,0,100,전과목,전과목,평균등급 근사(공식 환산점수 아님),등급,없음,https://www.adiga.kr/cmm/com/file/fileDown.do?fileId=00000000000000245025&fileSn=1&menuId=PCUVTINF2000&downLogYn=Y&unvCd=0000114&searchSyr=2027,자동초안:subject=ALL_SUBJECTS|ratio=DEFAULT_GENERAL100_REVIEW|minreq=NO. 점수표 없이 간이 평균등급 추천용으로 포함. 공식 환산점수 아님.
부산대학교,0000014,본교,학생부교과,학생부교과,2027,0,100,전과목,전과목,평균등급 근사(공식 환산점수 아님),등급,없음,https://www.adiga.kr/cmm/com/file/fileDown.do?fileId=00000000000000257099&fileSn=1&menuId=PCUVTINF2000&downLogYn=Y&unvCd=0000014&searchSyr=2027,자동초안:subject=ALL_SUBJECTS|ratio=DEFAULT_GENERAL100_REVIEW|minreq=NO. 점수표 없이 간이 평균등급 추천용으로 포함. 공식 환산점수 아님.
부산외국어대학교,0000115,본교,학생부교과,특성화고교과전형,2027,0,100,전과목,전과목,평균등급 근사(공식 환산점수 아님),등급,없음,https://www.adiga.kr/cmm/com/file/fileDown.do?fileId=00000000000000253081&fileSn=1&menuId=PCUVTINF2000&downLogYn=Y&unvCd=0000115&searchSyr=2027,자동초안:subject=ALL_SUBJECTS|ratio=DEFAULT_GENERAL100_REVIEW|minreq=NO. 점수표 없이 간이 평균등급 추천용으로 포함. 공식 환산점수 아님.
부산외국어대학교,0000115,본교,학생부교과,특성화고동일계전형,2027,0,100,전과목,전과목,평균등급 근사(공식 환산점수 아님),등급,없음,https://www.adiga.kr/cmm/com/file/fileDown.do?fileId=00000000000000253081&fileSn=1&menuId=PCUVTINF2000&downLogYn=Y&unvCd=0000115&searchSyr=2027,자동초안:subject=ALL_SUBJECTS|ratio=DEFAULT_GENERAL100_REVIEW|minreq=NO. 점수표 없이 간이 평균등급 추천용으로 포함. 공식 환산점수 아님.
삼육대학교,0000116,본교,학생부교과,학교장추천전형,2027,0,100,전과목,전과목,평균등급 근사(공식 환산점수 아님),등급,없음,https://www.adiga.kr/cmm/com/file/fileDown.do?fileId=00000000000000255051&fileSn=1&menuId=PCUVTINF2000&downLogYn=Y&unvCd=0000116&searchSyr=2027,자동초안:subject=ALL_SUBJECTS|ratio=DEFAULT_GENERAL100_REVIEW|minreq=NO. 점수표 없이 간이 평균등급 추천용으로 포함. 공식 환산점수 아님.
상명대학교,0000117,본교,학생부교과,학생부교과,2027,0,100,전과목,전과목,평균등급 근사(공식 환산점수 아님),등급,없음,https://www.adiga.kr/cmm/com/file/fileDown.do?fileId=00000000000000255108&fileSn=1&menuId=PCUVTINF2000&downLogYn=Y&unvCd=0000117&searchSyr=2027,자동초안:subject=ALL_SUBJECTS|ratio=DEFAULT_GENERAL100_REVIEW|minreq=NO. 점수표 없이 간이 평균등급 추천용으로 포함. 공식 환산점수 아님.
상명대학교,0002959,제2캠퍼스,학생부교과,학생부교과전형,2027,0,100,전과목,전과목,평균등급 근사(공식 환산점수 아님),등급,없음,https://www.adiga.kr/cmm/com/file/fileDown.do?fileId=00000000000000242868&fileSn=1&menuId=PCUVTINF2000&downLogYn=Y&unvCd=0002959&searchSyr=2027,자동초안:subject=ALL_SUBJECTS|ratio=DEFAULT_GENERAL100_REVIEW|minreq=NO. 점수표 없이 간이 평균등급 추천용으로 포함. 공식 환산점수 아님.
서울교육대학교,0000255,본교,학생부교과,학생부교과전형,2027,0,100,전과목,전과목,평균등급 근사(공식 환산점수 아님),등급,없음,https://www.adiga.kr/cmm/com/file/fileDown.do?fileId=00000000000000256817&fileSn=1&menuId=PCUVTINF2000&downLogYn=Y&unvCd=0000255&searchSyr=2027,자동초안:subject=ALL_SUBJECTS|ratio=DEFAULT_GENERAL100_REVIEW|minreq=NO. 점수표 없이 간이 평균등급 추천용으로 포함. 공식 환산점수 아님.
서울여자대학교,0000126,본교,학생부교과,학생부교과 / 학생부교과,2027,0,100,국·수·영·사·과,국·수·영·사·과,평균등급 근사(공식 환산점수 아님),등급,없음,https://www.adiga.kr/cmm/com/file/fileDown.do?fileId=00000000000000255229&fileSn=1&menuId=PCUVTINF2000&downLogYn=Y&unvCd=0000126&searchSyr=2027,자동초안:subject=ALL5|ratio=DEFAULT_GENERAL100_REVIEW|minreq=NO. 점수표 없이 간이 평균등급 추천용으로 포함. 공식 환산점수 아님.
서울장신대학교,0000127,본교,학생부교과,학생부교과,2027,0,100,전과목,전과목,평균등급 근사(공식 환산점수 아님),등급,미확인,https://www.adiga.kr/cmm/com/file/fileDown.do?fileId=00000000000000255016&fileSn=1&menuId=PCUVTINF2000&downLogYn=Y&unvCd=0000127&searchSyr=2027,자동초안:subject=ALL_SUBJECTS|ratio=DEFAULT_GENERAL100_REVIEW|minreq=UNKNOWN. 점수표 없이 간이 평균등급 추천용으로 포함. 공식 환산점수 아님.
선문대학교,0000129,본교,학생부교과,특성화고교졸업자전형,2027,0,100,전과목,전과목,평균등급 근사(공식 환산점수 아님),등급,없음,https://www.adiga.kr/cmm/com/file/fileDown.do?fileId=00000000000000255105&fileSn=1&menuId=PCUVTINF2000&downLogYn=Y&unvCd=0000129&searchSyr=2027,자동초안:subject=ALL_SUBJECTS|ratio=DEFAULT_GENERAL100_REVIEW|minreq=NO. 점수표 없이 간이 평균등급 추천용으로 포함. 공식 환산점수 아님.
성결대학교,0000131,본교,학생부교과,특성화고교졸업자전형,2027,0,100,전과목,전과목,평균등급 근사(공식 환산점수 아님),등급,없음,https://www.adiga.kr/cmm/com/file/fileDown.do?fileId=00000000000000257611&fileSn=1&menuId=PCUVTINF2000&downLogYn=Y&unvCd=0000131&searchSyr=2027,자동초안:subject=ALL_SUBJECTS|ratio=DEFAULT_GENERAL100_REVIEW|minreq=NO. 점수표 없이 간이 평균등급 추천용으로 포함. 공식 환산점수 아님.
성공회대학교,0000132,본교,학생부교과,특성화고교교과성적전형,2027,0,100,전과목,전과목,평균등급 근사(공식 환산점수 아님),등급,없음,https://www.adiga.kr/cmm/com/file/fileDown.do?fileId=00000000000000257627&fileSn=1&menuId=PCUVTINF2000&downLogYn=Y&unvCd=0000132&searchSyr=2027,자동초안:subject=ALL_SUBJECTS|ratio=DEFAULT_GENERAL100_REVIEW|minreq=NO. 점수표 없이 간이 평균등급 추천용으로 포함. 공식 환산점수 아님.
성공회대학교,0000132,본교,학생부교과,특성화고교졸업자전형,2027,0,100,전과목,전과목,평균등급 근사(공식 환산점수 아님),등급,없음,https://www.adiga.kr/cmm/com/file/fileDown.do?fileId=00000000000000257627&fileSn=1&menuId=PCUVTINF2000&downLogYn=Y&unvCd=0000132&searchSyr=2027,자동초안:subject=ALL_SUBJECTS|ratio=DEFAULT_GENERAL100_REVIEW|minreq=NO. 점수표 없이 간이 평균등급 추천용으로 포함. 공식 환산점수 아님.
성균관대학교,0000133,본교,학생부교과,학생부교과,2027,0,100,국·수·영·사·과,국·수·영·사·과,평균등급 근사(공식 환산점수 아님),등급,없음,https://www.adiga.kr/cmm/com/file/fileDown.do?fileId=00000000000000256732&fileSn=1&menuId=PCUVTINF2000&downLogYn=Y&unvCd=0000133&searchSyr=2027,자동초안:subject=ALL5|ratio=PDF_CAREER_NOT_REFLECTED|minreq=NO. 점수표 없이 간이 평균등급 추천용으로 포함. 공식 환산점수 아님.
성신여자대학교,0000136,본교,학생부교과,지역균형전형,2027,0,100,국·수·영·사·과,국·수·영·사·과,평균등급 근사(공식 환산점수 아님),등급,없음,https://www.adiga.kr/cmm/com/file/fileDown.do?fileId=00000000000000242955&fileSn=1&menuId=PCUVTINF2000&downLogYn=Y&unvCd=0000136&searchSyr=2027,자동초안:subject=ALL5|ratio=DEFAULT_GENERAL100_REVIEW|minreq=NO. 점수표 없이 간이 평균등급 추천용으로 포함. 공식 환산점수 아님.
성신여자대학교,0000136,본교,학생부교과,특성화고등을졸업한재직자전형,2027,0,100,국·수·영·사·과,국·수·영·사·과,평균등급 근사(공식 환산점수 아님),등급,없음,https://www.adiga.kr/cmm/com/file/fileDown.do?fileId=00000000000000242955&fileSn=1&menuId=PCUVTINF2000&downLogYn=Y&unvCd=0000136&searchSyr=2027,자동초안:subject=ALL5|ratio=DEFAULT_GENERAL100_REVIEW|minreq=NO. 점수표 없이 간이 평균등급 추천용으로 포함. 공식 환산점수 아님.
세종대학교,0000138,본교,학생부교과,지역균형 전형,2027,0,100,전과목,전과목,평균등급 근사(공식 환산점수 아님),등급,없음,https://www.adiga.kr/cmm/com/file/fileDown.do?fileId=00000000000000257391&fileSn=1&menuId=PCUVTINF2000&downLogYn=Y&unvCd=0000138&searchSyr=2027,자동초안:subject=ALL_SUBJECTS|ratio=DEFAULT_GENERAL100_REVIEW|minreq=NO. 점수표 없이 간이 평균등급 추천용으로 포함. 공식 환산점수 아님.
세종대학교,0000138,본교,학생부교과,특성화고교졸재직자,2027,0,100,전과목,전과목,평균등급 근사(공식 환산점수 아님),등급,없음,https://www.adiga.kr/cmm/com/file/fileDown.do?fileId=00000000000000257391&fileSn=1&menuId=PCUVTINF2000&downLogYn=Y&unvCd=0000138&searchSyr=2027,자동초안:subject=ALL_SUBJECTS|ratio=DEFAULT_GENERAL100_REVIEW|minreq=NO. 점수표 없이 간이 평균등급 추천용으로 포함. 공식 환산점수 아님.
세한대학교,0000092,본교,학생부교과,학생부위주-일반학생전형,2027,0,100,국·수·영·사·과,국·수·영·사·과,평균등급 근사(공식 환산점수 아님),등급,미확인,https://www.adiga.kr/cmm/com/file/fileDown.do?fileId=00000000000000242922&fileSn=1&menuId=PCUVTINF2000&downLogYn=Y&unvCd=0000092&searchSyr=2027,자동초안:subject=ALL5|ratio=DEFAULT_GENERAL100_REVIEW|minreq=UNKNOWN. 점수표 없이 간이 평균등급 추천용으로 포함. 공식 환산점수 아님.
수원대학교,0000140,본교,학생부교과,교과우수전형,2027,0,100,국·수·영·사·과,국·수·영·사·과,평균등급 근사(공식 환산점수 아님),등급,없음,https://www.adiga.kr/cmm/com/file/fileDown.do?fileId=00000000000000243043&fileSn=1&menuId=PCUVTINF2000&downLogYn=Y&unvCd=0000140&searchSyr=2027,자동초안:subject=ALL5|ratio=DEFAULT_GENERAL100_REVIEW|minreq=NO. 점수표 없이 간이 평균등급 추천용으로 포함. 공식 환산점수 아님.
수원대학교,0000140,본교,학생부교과,특성화고등을졸업한재직자전형,2027,0,100,국·수·영·사·과,국·수·영·사·과,평균등급 근사(공식 환산점수 아님),등급,없음,https://www.adiga.kr/cmm/com/file/fileDown.do?fileId=00000000000000243043&fileSn=1&menuId=PCUVTINF2000&downLogYn=Y&unvCd=0000140&searchSyr=2027,자동초안:subject=ALL5|ratio=DEFAULT_GENERAL100_REVIEW|minreq=NO. 점수표 없이 간이 평균등급 추천용으로 포함. 공식 환산점수 아님.
수원대학교,0000140,본교,학생부교과,특성화고졸업자전형,2027,0,100,국·수·영·사·과,국·수·영·사·과,평균등급 근사(공식 환산점수 아님),등급,없음,https://www.adiga.kr/cmm/com/file/fileDown.do?fileId=00000000000000243043&fileSn=1&menuId=PCUVTINF2000&downLogYn=Y&unvCd=0000140&searchSyr=2027,자동초안:subject=ALL5|ratio=DEFAULT_GENERAL100_REVIEW|minreq=NO. 점수표 없이 간이 평균등급 추천용으로 포함. 공식 환산점수 아님.
순천향대학교,0000142,본교,학생부교과,교과우수자전형,2027,0,100,전과목,전과목,평균등급 근사(공식 환산점수 아님),등급,없음,https://www.adiga.kr/cmm/com/file/fileDown.do?fileId=00000000000000256618&fileSn=1&menuId=PCUVTINF2000&downLogYn=Y&unvCd=0000142&searchSyr=2027,자동초안:subject=ALL_SUBJECTS|ratio=DEFAULT_GENERAL100_REVIEW|minreq=NO. 점수표 없이 간이 평균등급 추천용으로 포함. 공식 환산점수 아님.
신라대학교,0000144,본교,학생부교과,특성화고 전형,2027,0,100,전과목,전과목,평균등급 근사(공식 환산점수 아님),등급,없음,https://www.adiga.kr/cmm/com/file/fileDown.do?fileId=00000000000000257624&fileSn=1&menuId=PCUVTINF2000&downLogYn=Y&unvCd=0000144&searchSyr=2027,자동초안:subject=ALL_SUBJECTS|ratio=DEFAULT_GENERAL100_REVIEW|minreq=NO. 점수표 없이 간이 평균등급 추천용으로 포함. 공식 환산점수 아님.
신라대학교,0000144,본교,학생부교과,특성화고동일계 전형,2027,0,100,전과목,전과목,평균등급 근사(공식 환산점수 아님),등급,없음,https://www.adiga.kr/cmm/com/file/fileDown.do?fileId=00000000000000257624&fileSn=1&menuId=PCUVTINF2000&downLogYn=Y&unvCd=0000144&searchSyr=2027,자동초안:subject=ALL_SUBJECTS|ratio=DEFAULT_GENERAL100_REVIEW|minreq=NO. 점수표 없이 간이 평균등급 추천용으로 포함. 공식 환산점수 아님.
신한대학교,0002712,본교,학생부교과,학생부우수자전형,2027,0,100,전과목,전과목,평균등급 근사(공식 환산점수 아님),등급,없음,https://www.adiga.kr/cmm/com/file/fileDown.do?fileId=00000000000000257410&fileSn=1&menuId=PCUVTINF2000&downLogYn=Y&unvCd=0002712&searchSyr=2027,자동초안:subject=ALL_SUBJECTS|ratio=DEFAULT_GENERAL100_REVIEW|minreq=NO. 점수표 없이 간이 평균등급 추천용으로 포함. 공식 환산점수 아님.
신한대학교,0002800,제2캠퍼스,학생부교과,특성화고교졸업자전형,2027,0,100,전과목,전과목,평균등급 근사(공식 환산점수 아님),등급,없음,https://www.adiga.kr/cmm/com/file/fileDown.do?fileId=00000000000000257413&fileSn=1&menuId=PCUVTINF2000&downLogYn=Y&unvCd=0002800&searchSyr=2027,자동초안:subject=ALL_SUBJECTS|ratio=DEFAULT_GENERAL100_REVIEW|minreq=NO. 점수표 없이 간이 평균등급 추천용으로 포함. 공식 환산점수 아님.
신한대학교,0002800,제2캠퍼스,학생부교과,학생부우수자전형,2027,0,100,전과목,전과목,평균등급 근사(공식 환산점수 아님),등급,없음,https://www.adiga.kr/cmm/com/file/fileDown.do?fileId=00000000000000257413&fileSn=1&menuId=PCUVTINF2000&downLogYn=Y&unvCd=0002800&searchSyr=2027,자동초안:subject=ALL_SUBJECTS|ratio=DEFAULT_GENERAL100_REVIEW|minreq=NO. 점수표 없이 간이 평균등급 추천용으로 포함. 공식 환산점수 아님.
아주대학교,0000146,본교,학생부교과,학생부교과,2027,0,100,국·수·영·사·과,국·수·영·사·과,평균등급 근사(공식 환산점수 아님),등급,없음,https://www.adiga.kr/cmm/com/file/fileDown.do?fileId=00000000000000257290&fileSn=1&menuId=PCUVTINF2000&downLogYn=Y&unvCd=0000146&searchSyr=2027,자동초안:subject=ALL5|ratio=DEFAULT_GENERAL100_REVIEW|minreq=NO. 점수표 없이 간이 평균등급 추천용으로 포함. 공식 환산점수 아님.
연세대학교(미래),0000150,분교,학생부교과,특성화고교졸업자전형,2027,0,100,전과목,전과목,평균등급 근사(공식 환산점수 아님),등급,없음,https://www.adiga.kr/cmm/com/file/fileDown.do?fileId=00000000000000242927&fileSn=1&menuId=PCUVTINF2000&downLogYn=Y&unvCd=0000150&searchSyr=2027,자동초안:subject=ALL_SUBJECTS|ratio=DEFAULT_GENERAL100_REVIEW|minreq=NO. 점수표 없이 간이 평균등급 추천용으로 포함. 공식 환산점수 아님.
연세대학교(미래),0000150,분교,학생부교과,학생부교과전형,2027,0,100,전과목,전과목,평균등급 근사(공식 환산점수 아님),등급,없음,https://www.adiga.kr/cmm/com/file/fileDown.do?fileId=00000000000000242927&fileSn=1&menuId=PCUVTINF2000&downLogYn=Y&unvCd=0000150&searchSyr=2027,자동초안:subject=ALL_SUBJECTS|ratio=DEFAULT_GENERAL100_REVIEW|minreq=NO. 점수표 없이 간이 평균등급 추천용으로 포함. 공식 환산점수 아님.
영남대학교,0000151,본교,학생부교과,일반학생전형,2027,0,100,전과목,전과목,평균등급 근사(공식 환산점수 아님),등급,없음,https://www.adiga.kr/cmm/com/file/fileDown.do?fileId=00000000000000243058&fileSn=1&menuId=PCUVTINF2000&downLogYn=Y&unvCd=0000151&searchSyr=2027,자동초안:subject=ALL_SUBJECTS|ratio=DEFAULT_GENERAL100_REVIEW|minreq=NO. 점수표 없이 간이 평균등급 추천용으로 포함. 공식 환산점수 아님.
용인대학교,0000156,본교,학생부교과,일반학생전형,2027,0,100,국·수·영·사·과,국·수·영·사·과,평균등급 근사(공식 환산점수 아님),등급,없음,https://www.adiga.kr/cmm/com/file/fileDown.do?fileId=00000000000000252293&fileSn=1&menuId=PCUVTINF2000&downLogYn=Y&unvCd=0000156&searchSyr=2027,자동초안:subject=ALL5|ratio=DEFAULT_GENERAL100_REVIEW|minreq=NO. 점수표 없이 간이 평균등급 추천용으로 포함. 공식 환산점수 아님.
용인대학교,0000156,본교,학생부교과,특성화고교출신자 특별전형,2027,0,100,국·수·영·사·과,국·수·영·사·과,평균등급 근사(공식 환산점수 아님),등급,없음,https://www.adiga.kr/cmm/com/file/fileDown.do?fileId=00000000000000252293&fileSn=1&menuId=PCUVTINF2000&downLogYn=Y&unvCd=0000156&searchSyr=2027,자동초안:subject=ALL5|ratio=DEFAULT_GENERAL100_REVIEW|minreq=NO. 점수표 없이 간이 평균등급 추천용으로 포함. 공식 환산점수 아님.
우석대학교,0000157,본교,학생부교과,학생부교과 교과중심 전형,2027,0,100,전과목,전과목,평균등급 근사(공식 환산점수 아님),등급,없음,https://www.adiga.kr/cmm/com/file/fileDown.do?fileId=00000000000000255210&fileSn=1&menuId=PCUVTINF2000&downLogYn=Y&unvCd=0000157&searchSyr=2027,자동초안:subject=ALL_SUBJECTS|ratio=DEFAULT_GENERAL100_REVIEW|minreq=NO. 점수표 없이 간이 평균등급 추천용으로 포함. 공식 환산점수 아님.
우석대학교,0000157,본교,학생부교과,학생부교과 기회균형 전형,2027,0,100,전과목,전과목,평균등급 근사(공식 환산점수 아님),등급,없음,https://www.adiga.kr/cmm/com/file/fileDown.do?fileId=00000000000000255210&fileSn=1&menuId=PCUVTINF2000&downLogYn=Y&unvCd=0000157&searchSyr=2027,자동초안:subject=ALL_SUBJECTS|ratio=DEFAULT_GENERAL100_REVIEW|minreq=NO. 점수표 없이 간이 평균등급 추천용으로 포함. 공식 환산점수 아님.
우석대학교,0000157,본교,학생부교과,학생부교과 농어촌학생 전형,2027,0,100,전과목,전과목,평균등급 근사(공식 환산점수 아님),등급,없음,https://www.adiga.kr/cmm/com/file/fileDown.do?fileId=00000000000000255210&fileSn=1&menuId=PCUVTINF2000&downLogYn=Y&unvCd=0000157&searchSyr=2027,자동초안:subject=ALL_SUBJECTS|ratio=DEFAULT_GENERAL100_REVIEW|minreq=NO. 점수표 없이 간이 평균등급 추천용으로 포함. 공식 환산점수 아님.
우석대학교,0000157,본교,학생부교과,학생부교과 면접중심 전형,2027,0,100,전과목,전과목,평균등급 근사(공식 환산점수 아님),등급,없음,https://www.adiga.kr/cmm/com/file/fileDown.do?fileId=00000000000000255210&fileSn=1&menuId=PCUVTINF2000&downLogYn=Y&unvCd=0000157&searchSyr=2027,자동초안:subject=ALL_SUBJECTS|ratio=DEFAULT_GENERAL100_REVIEW|minreq=NO. 점수표 없이 간이 평균등급 추천용으로 포함. 공식 환산점수 아님.
우석대학교,0000157,본교,학생부교과,학생부교과 성인학습자등 전형,2027,0,100,전과목,전과목,평균등급 근사(공식 환산점수 아님),등급,없음,https://www.adiga.kr/cmm/com/file/fileDown.do?fileId=00000000000000255210&fileSn=1&menuId=PCUVTINF2000&downLogYn=Y&unvCd=0000157&searchSyr=2027,자동초안:subject=ALL_SUBJECTS|ratio=DEFAULT_GENERAL100_REVIEW|minreq=NO. 점수표 없이 간이 평균등급 추천용으로 포함. 공식 환산점수 아님.
우석대학교,0000157,본교,학생부교과,학생부교과 지역인재 전형,2027,0,100,전과목,전과목,평균등급 근사(공식 환산점수 아님),등급,없음,https://www.adiga.kr/cmm/com/file/fileDown.do?fileId=00000000000000255210&fileSn=1&menuId=PCUVTINF2000&downLogYn=Y&unvCd=0000157&searchSyr=2027,자동초안:subject=ALL_SUBJECTS|ratio=DEFAULT_GENERAL100_REVIEW|minreq=NO. 점수표 없이 간이 평균등급 추천용으로 포함. 공식 환산점수 아님.
우석대학교,0000157,본교,학생부교과,학생부교과 특성화고교졸업자 전형,2027,0,100,전과목,전과목,평균등급 근사(공식 환산점수 아님),등급,없음,https://www.adiga.kr/cmm/com/file/fileDown.do?fileId=00000000000000255210&fileSn=1&menuId=PCUVTINF2000&downLogYn=Y&unvCd=0000157&searchSyr=2027,자동초안:subject=ALL_SUBJECTS|ratio=DEFAULT_GENERAL100_REVIEW|minreq=NO. 점수표 없이 간이 평균등급 추천용으로 포함. 공식 환산점수 아님.
우석대학교,0000157,본교,학생부교과,학생부교과 특수교육대상자 전형,2027,0,100,전과목,전과목,평균등급 근사(공식 환산점수 아님),등급,없음,https://www.adiga.kr/cmm/com/file/fileDown.do?fileId=00000000000000255210&fileSn=1&menuId=PCUVTINF2000&downLogYn=Y&unvCd=0000157&searchSyr=2027,자동초안:subject=ALL_SUBJECTS|ratio=DEFAULT_GENERAL100_REVIEW|minreq=NO. 점수표 없이 간이 평균등급 추천용으로 포함. 공식 환산점수 아님.
원광대학교,0000159,본교,학생부교과,특성화고교졸업자전형,2027,0,100,전과목,전과목,평균등급 근사(공식 환산점수 아님),등급,없음,https://www.adiga.kr/cmm/com/file/fileDown.do?fileId=00000000000000256240&fileSn=1&menuId=PCUVTINF2000&downLogYn=Y&unvCd=0000159&searchSyr=2027,자동초안:subject=ALL_SUBJECTS|ratio=DEFAULT_GENERAL100_REVIEW|minreq=NO. 점수표 없이 간이 평균등급 추천용으로 포함. 공식 환산점수 아님.
유원대학교,0000154,본교,학생부교과,특성화고교졸업자,2027,0,100,국·수·영·사·과,국·수·영·사·과,평균등급 근사(공식 환산점수 아님),등급,없음,https://www.adiga.kr/cmm/com/file/fileDown.do?fileId=00000000000000256846&fileSn=1&menuId=PCUVTINF2000&downLogYn=Y&unvCd=0000154&searchSyr=2027,자동초안:subject=ALL5|ratio=DEFAULT_GENERAL100_REVIEW|minreq=NO. 점수표 없이 간이 평균등급 추천용으로 포함. 공식 환산점수 아님.
인제대학교,0000164,본교,학생부교과,특성화고교 전형,2027,0,100,전과목,전과목,평균등급 근사(공식 환산점수 아님),등급,없음,https://www.adiga.kr/cmm/com/file/fileDown.do?fileId=00000000000000242958&fileSn=1&menuId=PCUVTINF2000&downLogYn=Y&unvCd=0000164&searchSyr=2027,자동초안:subject=ALL_SUBJECTS|ratio=DEFAULT_GENERAL100_REVIEW|minreq=NO. 점수표 없이 간이 평균등급 추천용으로 포함. 공식 환산점수 아님.
인제대학교,0000164,본교,학생부교과,학생부교과 전형,2027,0,100,전과목,전과목,평균등급 근사(공식 환산점수 아님),등급,없음,https://www.adiga.kr/cmm/com/file/fileDown.do?fileId=00000000000000242958&fileSn=1&menuId=PCUVTINF2000&downLogYn=Y&unvCd=0000164&searchSyr=2027,자동초안:subject=ALL_SUBJECTS|ratio=DEFAULT_GENERAL100_REVIEW|minreq=NO. 점수표 없이 간이 평균등급 추천용으로 포함. 공식 환산점수 아님.
인천대학교,0002660,본교,학생부교과,학생부교과,2027,0,100,전과목,전과목,평균등급 근사(공식 환산점수 아님),등급,없음,https://www.adiga.kr/cmm/com/file/fileDown.do?fileId=00000000000000255133&fileSn=1&menuId=PCUVTINF2000&downLogYn=Y&unvCd=0002660&searchSyr=2027,자동초안:subject=ALL_SUBJECTS|ratio=DEFAULT_GENERAL100_REVIEW|minreq=NO. 점수표 없이 간이 평균등급 추천용으로 포함. 공식 환산점수 아님.
인하대학교,0000169,본교,학생부교과,학생부교과,2027,0,100,국·수·영·사·과,국·수·영·사·과,평균등급 근사(공식 환산점수 아님),등급,없음,https://www.adiga.kr/cmm/com/file/fileDown.do?fileId=00000000000000242994&fileSn=1&menuId=PCUVTINF2000&downLogYn=Y&unvCd=0000169&searchSyr=2027,자동초안:subject=ALL5|ratio=DEFAULT_GENERAL100_REVIEW|minreq=NO. 점수표 없이 간이 평균등급 추천용으로 포함. 공식 환산점수 아님.
전남대학교,0000023,본교,학생부교과,학생부교과,2027,0,100,전과목,전과목,평균등급 근사(공식 환산점수 아님),등급,없음,https://www.adiga.kr/cmm/com/file/fileDown.do?fileId=00000000000000257031&fileSn=1&menuId=PCUVTINF2000&downLogYn=Y&unvCd=0000023&searchSyr=2027,자동초안:subject=ALL_SUBJECTS|ratio=DEFAULT_GENERAL100_REVIEW|minreq=NO. 점수표 없이 간이 평균등급 추천용으로 포함. 공식 환산점수 아님.
전남대학교,0000024,제2캠퍼스,학생부교과,학생부교과,2027,0,100,전과목,전과목,평균등급 근사(공식 환산점수 아님),등급,없음,https://www.adiga.kr/cmm/com/file/fileDown.do?fileId=00000000000000257406&fileSn=1&menuId=PCUVTINF2000&downLogYn=Y&unvCd=0000024&searchSyr=2027,자동초안:subject=ALL_SUBJECTS|ratio=DEFAULT_GENERAL100_REVIEW|minreq=NO. 점수표 없이 간이 평균등급 추천용으로 포함. 공식 환산점수 아님.
전주대학교,0000171,본교,학생부교과,학생부교과,2027,0,100,전과목,전과목,평균등급 근사(공식 환산점수 아님),등급,없음,https://www.adiga.kr/cmm/com/file/fileDown.do?fileId=00000000000000257344&fileSn=1&menuId=PCUVTINF2000&downLogYn=Y&unvCd=0000171&searchSyr=2027,자동초안:subject=ALL_SUBJECTS|ratio=DEFAULT_GENERAL100_REVIEW|minreq=NO. 점수표 없이 간이 평균등급 추천용으로 포함. 공식 환산점수 아님.
제주국제대학교,0000248,본교,학생부교과,일반학생 전형,2027,0,100,전과목,전과목,평균등급 근사(공식 환산점수 아님),등급,미확인,https://www.adiga.kr/cmm/com/file/fileDown.do?fileId=00000000000000256480&fileSn=1&menuId=PCUVTINF2000&downLogYn=Y&unvCd=0000248&searchSyr=2027,자동초안:subject=ALL_SUBJECTS|ratio=DEFAULT_GENERAL100_REVIEW|minreq=UNKNOWN. 점수표 없이 간이 평균등급 추천용으로 포함. 공식 환산점수 아님.
제주대학교,0000027,본교,학생부교과,일반학생 전형,2027,30,70,전과목,전과목,평균등급 근사(공식 환산점수 아님),혼합,없음,https://www.adiga.kr/cmm/com/file/fileDown.do?fileId=00000000000000243121&fileSn=1&menuId=PCUVTINF2000&downLogYn=Y&unvCd=0000027&searchSyr=2027,자동초안:subject=ALL_SUBJECTS|ratio=PDF_30_70|minreq=NO. 점수표 없이 간이 평균등급 추천용으로 포함. 공식 환산점수 아님.
제주대학교,0000027,본교,학생부교과,일반학생전형,2027,30,70,전과목,전과목,평균등급 근사(공식 환산점수 아님),혼합,없음,https://www.adiga.kr/cmm/com/file/fileDown.do?fileId=00000000000000243121&fileSn=1&menuId=PCUVTINF2000&downLogYn=Y&unvCd=0000027&searchSyr=2027,자동초안:subject=ALL_SUBJECTS|ratio=PDF_30_70|minreq=NO. 점수표 없이 간이 평균등급 추천용으로 포함. 공식 환산점수 아님.
조선대학교,0000172,본교,학생부교과,학생부교과,2027,0,100,미확인,미확인,평균등급 근사(공식 환산점수 아님),등급,미확인,,자동초안:subject=UNKNOWN|ratio=DEFAULT_GENERAL100_REVIEW|minreq=UNKNOWN|PDF_NOT_FOUND. 점수표 없이 간이 평균등급 추천용으로 포함. 공식 환산점수 아님.
중앙대학교,0000175,본교,학생부교과,지역균형 전형,2027,0,100,전과목,전과목,평균등급 근사(공식 환산점수 아님),등급,없음,https://www.adiga.kr/cmm/com/file/fileDown.do?fileId=00000000000000257306&fileSn=1&menuId=PCUVTINF2000&downLogYn=Y&unvCd=0000175&searchSyr=2027,자동초안:subject=ALL_SUBJECTS|ratio=DEFAULT_GENERAL100_REVIEW|minreq=NO. 점수표 없이 간이 평균등급 추천용으로 포함. 공식 환산점수 아님.
차의과학대학교,0000187,본교,학생부교과,학생부교과,2027,0,100,전과목,전과목,평균등급 근사(공식 환산점수 아님),등급,없음,https://www.adiga.kr/cmm/com/file/fileDown.do?fileId=00000000000000256833&fileSn=1&menuId=PCUVTINF2000&downLogYn=Y&unvCd=0000187&searchSyr=2027,자동초안:subject=ALL_SUBJECTS|ratio=DEFAULT_GENERAL100_REVIEW|minreq=NO. 점수표 없이 간이 평균등급 추천용으로 포함. 공식 환산점수 아님.
창신대학교,0000249,본교,학생부교과,일반학생 전형,2027,0,100,전과목,전과목,평균등급 근사(공식 환산점수 아님),등급,없음,https://www.adiga.kr/cmm/com/file/fileDown.do?fileId=00000000000000254999&fileSn=1&menuId=PCUVTINF2000&downLogYn=Y&unvCd=0000249&searchSyr=2027,자동초안:subject=ALL_SUBJECTS|ratio=DEFAULT_GENERAL100_REVIEW|minreq=NO. 점수표 없이 간이 평균등급 추천용으로 포함. 공식 환산점수 아님.
청운대학교,0000284,본교,학생부교과,학생부교과 일반전형,2027,0,100,국·수·영·사·과,국·수·영·사·과,평균등급 근사(공식 환산점수 아님),등급,미확인,https://www.adiga.kr/cmm/com/file/fileDown.do?fileId=00000000000000255177&fileSn=1&menuId=PCUVTINF2000&downLogYn=Y&unvCd=0000284&searchSyr=2027,자동초안:subject=ALL5|ratio=DEFAULT_GENERAL100_REVIEW|minreq=UNKNOWN. 점수표 없이 간이 평균등급 추천용으로 포함. 공식 환산점수 아님.
청운대학교,0000284,본교,학생부교과,학생부교과 청운인재전형,2027,0,100,국·수·영·사·과,국·수·영·사·과,평균등급 근사(공식 환산점수 아님),등급,미확인,https://www.adiga.kr/cmm/com/file/fileDown.do?fileId=00000000000000255177&fileSn=1&menuId=PCUVTINF2000&downLogYn=Y&unvCd=0000284&searchSyr=2027,자동초안:subject=ALL5|ratio=DEFAULT_GENERAL100_REVIEW|minreq=UNKNOWN. 점수표 없이 간이 평균등급 추천용으로 포함. 공식 환산점수 아님.
청주대학교,0000179,본교,학생부교과,교과우수전형,2027,0,100,전과목,전과목,평균등급 근사(공식 환산점수 아님),등급,없음,https://www.adiga.kr/cmm/com/file/fileDown.do?fileId=00000000000000256989&fileSn=1&menuId=PCUVTINF2000&downLogYn=Y&unvCd=0000179&searchSyr=2027,자동초안:subject=ALL_SUBJECTS|ratio=DEFAULT_GENERAL100_REVIEW|minreq=NO. 점수표 없이 간이 평균등급 추천용으로 포함. 공식 환산점수 아님.
초당대학교,0000246,본교,학생부교과,일반학생전형,2027,0,100,국·수·영·사·과,국·수·영·사·과,평균등급 근사(공식 환산점수 아님),등급,없음,https://www.adiga.kr/cmm/com/file/fileDown.do?fileId=00000000000000256656&fileSn=1&menuId=PCUVTINF2000&downLogYn=Y&unvCd=0000246&searchSyr=2027,자동초안:subject=ALL5|ratio=DEFAULT_GENERAL100_REVIEW|minreq=NO. 점수표 없이 간이 평균등급 추천용으로 포함. 공식 환산점수 아님.
총신대학교,0000180,본교,학생부교과,교과우수자,2027,0,100,미확인,미확인,평균등급 근사(공식 환산점수 아님),등급,미확인,https://www.adiga.kr/cmm/com/file/fileDown.do?fileId=00000000000000256593&fileSn=1&menuId=PCUVTINF2000&downLogYn=Y&unvCd=0000180&searchSyr=2027,자동초안:subject=UNKNOWN|ratio=DEFAULT_GENERAL100_REVIEW|minreq=UNKNOWN. 점수표 없이 간이 평균등급 추천용으로 포함. 공식 환산점수 아님.
충북대학교,0000030,본교,학생부교과,학생부교과,2027,0,100,국·수·영·사·과,국·수·영·사·과,평균등급 근사(공식 환산점수 아님),등급,없음,https://www.adiga.kr/cmm/com/file/fileDown.do?fileId=00000000000000242855&fileSn=1&menuId=PCUVTINF2000&downLogYn=Y&unvCd=0000030&searchSyr=2027,자동초안:subject=ALL5|ratio=DEFAULT_GENERAL100_REVIEW|minreq=NO. 점수표 없이 간이 평균등급 추천용으로 포함. 공식 환산점수 아님.
평택대학교,0000186,본교,학생부교과,특성화고교졸업자특별전형,2027,0,100,전과목,전과목,평균등급 근사(공식 환산점수 아님),등급,없음,https://www.adiga.kr/cmm/com/file/fileDown.do?fileId=00000000000000257983&fileSn=1&menuId=PCUVTINF2000&downLogYn=Y&unvCd=0000186&searchSyr=2027,자동초안:subject=ALL_SUBJECTS|ratio=DEFAULT_GENERAL100_REVIEW|minreq=NO. 점수표 없이 간이 평균등급 추천용으로 포함. 공식 환산점수 아님.
한국공학대학교,0000247,본교,학생부교과,교과우수자전형,2027,0,100,전과목,전과목,평균등급 근사(공식 환산점수 아님),등급,없음,https://www.adiga.kr/cmm/com/file/fileDown.do?fileId=00000000000000242981&fileSn=1&menuId=PCUVTINF2000&downLogYn=Y&unvCd=0000247&searchSyr=2027,자동초안:subject=ALL_SUBJECTS|ratio=DEFAULT_GENERAL100_REVIEW|minreq=NO. 점수표 없이 간이 평균등급 추천용으로 포함. 공식 환산점수 아님.
한국공학대학교,0000247,본교,학생부교과,지역균형전형,2027,0,100,전과목,전과목,평균등급 근사(공식 환산점수 아님),등급,없음,https://www.adiga.kr/cmm/com/file/fileDown.do?fileId=00000000000000242981&fileSn=1&menuId=PCUVTINF2000&downLogYn=Y&unvCd=0000247&searchSyr=2027,자동초안:subject=ALL_SUBJECTS|ratio=DEFAULT_GENERAL100_REVIEW|minreq=NO. 점수표 없이 간이 평균등급 추천용으로 포함. 공식 환산점수 아님.
한국기술교육대학교,0000189,본교,학생부교과,특성화고졸업자전형,2027,0,100,전과목,전과목,평균등급 근사(공식 환산점수 아님),등급,없음,https://www.adiga.kr/cmm/com/file/fileDown.do?fileId=00000000000000255080&fileSn=1&menuId=PCUVTINF2000&downLogYn=Y&unvCd=0000189&searchSyr=2027,자동초안:subject=ALL_SUBJECTS|ratio=DEFAULT_GENERAL100_REVIEW|minreq=NO. 점수표 없이 간이 평균등급 추천용으로 포함. 공식 환산점수 아님.
한국기술교육대학교,0000189,본교,학생부교과,학생부교과전형,2027,0,100,전과목,전과목,평균등급 근사(공식 환산점수 아님),등급,없음,https://www.adiga.kr/cmm/com/file/fileDown.do?fileId=00000000000000255080&fileSn=1&menuId=PCUVTINF2000&downLogYn=Y&unvCd=0000189&searchSyr=2027,자동초안:subject=ALL_SUBJECTS|ratio=DEFAULT_GENERAL100_REVIEW|minreq=NO. 점수표 없이 간이 평균등급 추천용으로 포함. 공식 환산점수 아님.
한국성서대학교,0000191,본교,학생부교과,일반학생전형,2027,0,100,전과목,전과목,평균등급 근사(공식 환산점수 아님),등급,없음,https://www.adiga.kr/cmm/com/file/fileDown.do?fileId=00000000000000257440&fileSn=1&menuId=PCUVTINF2000&downLogYn=Y&unvCd=0000191&searchSyr=2027,자동초안:subject=ALL_SUBJECTS|ratio=PDF_CAREER_NOT_REFLECTED|minreq=NO. 점수표 없이 간이 평균등급 추천용으로 포함. 공식 환산점수 아님.
한국외국어대학교,0000192,본교,학생부교과,학교장추천전형,2027,0,100,전과목,전과목,평균등급 근사(공식 환산점수 아님),등급,없음,https://www.adiga.kr/cmm/com/file/fileDown.do?fileId=00000000000000257112&fileSn=1&menuId=PCUVTINF2000&downLogYn=Y&unvCd=0000192&searchSyr=2027,자동초안:subject=ALL_SUBJECTS|ratio=DEFAULT_GENERAL100_REVIEW|minreq=NO. 점수표 없이 간이 평균등급 추천용으로 포함. 공식 환산점수 아님.
한국항공대학교,0000194,본교,학생부교과,학교장추천 전형,2027,0,100,전과목,전과목,평균등급 근사(공식 환산점수 아님),등급,없음,https://www.adiga.kr/cmm/com/file/fileDown.do?fileId=00000000000000257160&fileSn=1&menuId=PCUVTINF2000&downLogYn=Y&unvCd=0000194&searchSyr=2027,자동초안:subject=ALL_SUBJECTS|ratio=DEFAULT_GENERAL100_REVIEW|minreq=NO. 점수표 없이 간이 평균등급 추천용으로 포함. 공식 환산점수 아님.
한남대학교,0000195,본교,학생부교과,학생부교과 기초생활수급자·차상위계층·한부모가족지원대상자전형,2027,0,100,국·수·영·사·과,국·수·영·사·과,평균등급 근사(공식 환산점수 아님),등급,없음,https://www.adiga.kr/cmm/com/file/fileDown.do?fileId=00000000000000256580&fileSn=1&menuId=PCUVTINF2000&downLogYn=Y&unvCd=0000195&searchSyr=2027,자동초안:subject=ALL5|ratio=DEFAULT_GENERAL100_REVIEW|minreq=NO. 점수표 없이 간이 평균등급 추천용으로 포함. 공식 환산점수 아님.
한남대학교,0000195,본교,학생부교과,학생부교과 기회균형특별전형,2027,0,100,국·수·영·사·과,국·수·영·사·과,평균등급 근사(공식 환산점수 아님),등급,없음,https://www.adiga.kr/cmm/com/file/fileDown.do?fileId=00000000000000256580&fileSn=1&menuId=PCUVTINF2000&downLogYn=Y&unvCd=0000195&searchSyr=2027,자동초안:subject=ALL5|ratio=DEFAULT_GENERAL100_REVIEW|minreq=NO. 점수표 없이 간이 평균등급 추천용으로 포함. 공식 환산점수 아님.
한남대학교,0000195,본교,학생부교과,학생부교과 농어촌학생전형,2027,0,100,국·수·영·사·과,국·수·영·사·과,평균등급 근사(공식 환산점수 아님),등급,없음,https://www.adiga.kr/cmm/com/file/fileDown.do?fileId=00000000000000256580&fileSn=1&menuId=PCUVTINF2000&downLogYn=Y&unvCd=0000195&searchSyr=2027,자동초안:subject=ALL5|ratio=DEFAULT_GENERAL100_REVIEW|minreq=NO. 점수표 없이 간이 평균등급 추천용으로 포함. 공식 환산점수 아님.
한남대학교,0000195,본교,학생부교과,학생부교과 만학도 특별전형,2027,0,100,국·수·영·사·과,국·수·영·사·과,평균등급 근사(공식 환산점수 아님),등급,없음,https://www.adiga.kr/cmm/com/file/fileDown.do?fileId=00000000000000256580&fileSn=1&menuId=PCUVTINF2000&downLogYn=Y&unvCd=0000195&searchSyr=2027,자동초안:subject=ALL5|ratio=DEFAULT_GENERAL100_REVIEW|minreq=NO. 점수표 없이 간이 평균등급 추천용으로 포함. 공식 환산점수 아님.
한남대학교,0000195,본교,학생부교과,학생부교과 사회통합전형,2027,0,100,국·수·영·사·과,국·수·영·사·과,평균등급 근사(공식 환산점수 아님),등급,없음,https://www.adiga.kr/cmm/com/file/fileDown.do?fileId=00000000000000256580&fileSn=1&menuId=PCUVTINF2000&downLogYn=Y&unvCd=0000195&searchSyr=2027,자동초안:subject=ALL5|ratio=DEFAULT_GENERAL100_REVIEW|minreq=NO. 점수표 없이 간이 평균등급 추천용으로 포함. 공식 환산점수 아님.
한남대학교,0000195,본교,학생부교과,학생부교과 어학인재전형,2027,0,100,국·수·영·사·과,국·수·영·사·과,평균등급 근사(공식 환산점수 아님),등급,없음,https://www.adiga.kr/cmm/com/file/fileDown.do?fileId=00000000000000256580&fileSn=1&menuId=PCUVTINF2000&downLogYn=Y&unvCd=0000195&searchSyr=2027,자동초안:subject=ALL5|ratio=DEFAULT_GENERAL100_REVIEW|minreq=NO. 점수표 없이 간이 평균등급 추천용으로 포함. 공식 환산점수 아님.
한남대학교,0000195,본교,학생부교과,학생부교과 일반전형,2027,0,100,국·수·영·사·과,국·수·영·사·과,평균등급 근사(공식 환산점수 아님),등급,없음,https://www.adiga.kr/cmm/com/file/fileDown.do?fileId=00000000000000256580&fileSn=1&menuId=PCUVTINF2000&downLogYn=Y&unvCd=0000195&searchSyr=2027,자동초안:subject=ALL5|ratio=DEFAULT_GENERAL100_REVIEW|minreq=NO. 점수표 없이 간이 평균등급 추천용으로 포함. 공식 환산점수 아님.
한남대학교,0000195,본교,학생부교과,학생부교과 지역인재교과우수자전형,2027,0,100,국·수·영·사·과,국·수·영·사·과,평균등급 근사(공식 환산점수 아님),등급,없음,https://www.adiga.kr/cmm/com/file/fileDown.do?fileId=00000000000000256580&fileSn=1&menuId=PCUVTINF2000&downLogYn=Y&unvCd=0000195&searchSyr=2027,자동초안:subject=ALL5|ratio=DEFAULT_GENERAL100_REVIEW|minreq=NO. 점수표 없이 간이 평균등급 추천용으로 포함. 공식 환산점수 아님.
한남대학교,0000195,본교,학생부교과,학생부교과 특성화고교출신자전형,2027,0,100,국·수·영·사·과,국·수·영·사·과,평균등급 근사(공식 환산점수 아님),등급,없음,https://www.adiga.kr/cmm/com/file/fileDown.do?fileId=00000000000000256580&fileSn=1&menuId=PCUVTINF2000&downLogYn=Y&unvCd=0000195&searchSyr=2027,자동초안:subject=ALL5|ratio=DEFAULT_GENERAL100_REVIEW|minreq=NO. 점수표 없이 간이 평균등급 추천용으로 포함. 공식 환산점수 아님.
한동대학교,0000196,본교,학생부교과,학생부교과전형,2027,0,100,전과목,전과목,평균등급 근사(공식 환산점수 아님),등급,없음,https://www.adiga.kr/cmm/com/file/fileDown.do?fileId=00000000000000256115&fileSn=1&menuId=PCUVTINF2000&downLogYn=Y&unvCd=0000196&searchSyr=2027,자동초안:subject=ALL_SUBJECTS|ratio=DEFAULT_GENERAL100_REVIEW|minreq=NO. 점수표 없이 간이 평균등급 추천용으로 포함. 공식 환산점수 아님.
한라대학교,0000197,본교,학생부교과,일반학생전형,2027,0,100,국·수·영·사·과,국·수·영·사·과,평균등급 근사(공식 환산점수 아님),등급,없음,https://www.adiga.kr/cmm/com/file/fileDown.do?fileId=00000000000000252027&fileSn=1&menuId=PCUVTINF2000&downLogYn=Y&unvCd=0000197&searchSyr=2027,자동초안:subject=ALL5|ratio=DEFAULT_GENERAL100_REVIEW|minreq=NO. 점수표 없이 간이 평균등급 추천용으로 포함. 공식 환산점수 아님.
한라대학교,0000197,본교,학생부교과,특성화고교전형,2027,0,100,국·수·영·사·과,국·수·영·사·과,평균등급 근사(공식 환산점수 아님),등급,없음,https://www.adiga.kr/cmm/com/file/fileDown.do?fileId=00000000000000252027&fileSn=1&menuId=PCUVTINF2000&downLogYn=Y&unvCd=0000197&searchSyr=2027,자동초안:subject=ALL5|ratio=DEFAULT_GENERAL100_REVIEW|minreq=NO. 점수표 없이 간이 평균등급 추천용으로 포함. 공식 환산점수 아님.
한림대학교,0000198,본교,학생부교과,교과우수자전형,2027,0,100,전과목,전과목,평균등급 근사(공식 환산점수 아님),등급,없음,https://www.adiga.kr/cmm/com/file/fileDown.do?fileId=00000000000000256533&fileSn=1&menuId=PCUVTINF2000&downLogYn=Y&unvCd=0000198&searchSyr=2027,자동초안:subject=ALL_SUBJECTS|ratio=PDF_CAREER_NOT_REFLECTED|minreq=NO. 점수표 없이 간이 평균등급 추천용으로 포함. 공식 환산점수 아님.
한림대학교,0000198,본교,학생부교과,특성화고교출신자전형,2027,0,100,전과목,전과목,평균등급 근사(공식 환산점수 아님),등급,없음,https://www.adiga.kr/cmm/com/file/fileDown.do?fileId=00000000000000256533&fileSn=1&menuId=PCUVTINF2000&downLogYn=Y&unvCd=0000198&searchSyr=2027,자동초안:subject=ALL_SUBJECTS|ratio=PDF_CAREER_NOT_REFLECTED|minreq=NO. 점수표 없이 간이 평균등급 추천용으로 포함. 공식 환산점수 아님.
한서대학교,0000199,본교,학생부교과,학생부교과1 전형,2027,0,100,전과목,전과목,평균등급 근사(공식 환산점수 아님),등급,없음,https://www.adiga.kr/cmm/com/file/fileDown.do?fileId=00000000000000257261&fileSn=1&menuId=PCUVTINF2000&downLogYn=Y&unvCd=0000199&searchSyr=2027,자동초안:subject=ALL_SUBJECTS|ratio=DEFAULT_GENERAL100_REVIEW|minreq=NO. 점수표 없이 간이 평균등급 추천용으로 포함. 공식 환산점수 아님.
한서대학교,0000199,본교,학생부교과,학생부교과2 전형,2027,0,100,전과목,전과목,평균등급 근사(공식 환산점수 아님),등급,없음,https://www.adiga.kr/cmm/com/file/fileDown.do?fileId=00000000000000257261&fileSn=1&menuId=PCUVTINF2000&downLogYn=Y&unvCd=0000199&searchSyr=2027,자동초안:subject=ALL_SUBJECTS|ratio=DEFAULT_GENERAL100_REVIEW|minreq=NO. 점수표 없이 간이 평균등급 추천용으로 포함. 공식 환산점수 아님.
한성대학교,0000200,본교,학생부교과,교과우수전형,2027,0,100,전과목,전과목,평균등급 근사(공식 환산점수 아님),등급,없음,https://www.adiga.kr/cmm/com/file/fileDown.do?fileId=00000000000000256853&fileSn=1&menuId=PCUVTINF2000&downLogYn=Y&unvCd=0000200&searchSyr=2027,자동초안:subject=ALL_SUBJECTS|ratio=DEFAULT_GENERAL100_REVIEW|minreq=NO. 점수표 없이 간이 평균등급 추천용으로 포함. 공식 환산점수 아님.
한성대학교,0000200,본교,학생부교과,지역균형전형,2027,0,100,전과목,전과목,평균등급 근사(공식 환산점수 아님),등급,없음,https://www.adiga.kr/cmm/com/file/fileDown.do?fileId=00000000000000256853&fileSn=1&menuId=PCUVTINF2000&downLogYn=Y&unvCd=0000200&searchSyr=2027,자동초안:subject=ALL_SUBJECTS|ratio=DEFAULT_GENERAL100_REVIEW|minreq=NO. 점수표 없이 간이 평균등급 추천용으로 포함. 공식 환산점수 아님.
한세대학교,0000201,본교,학생부교과,학생부교과우수자전형,2027,0,100,전과목,전과목,평균등급 근사(공식 환산점수 아님),등급,없음,https://www.adiga.kr/cmm/com/file/fileDown.do?fileId=00000000000000242919&fileSn=1&menuId=PCUVTINF2000&downLogYn=Y&unvCd=0000201&searchSyr=2027,자동초안:subject=ALL_SUBJECTS|ratio=DEFAULT_GENERAL100_REVIEW|minreq=NO. 점수표 없이 간이 평균등급 추천용으로 포함. 공식 환산점수 아님.
한신대학교,0000202,본교,학생부교과,학교장추천전형,2027,0,100,미확인,미확인,평균등급 근사(공식 환산점수 아님),등급,미확인,https://www.adiga.kr/cmm/com/file/fileDown.do?fileId=00000000000000256624&fileSn=1&menuId=PCUVTINF2000&downLogYn=Y&unvCd=0000202&searchSyr=2027,자동초안:subject=UNKNOWN|ratio=DEFAULT_GENERAL100_REVIEW|minreq=UNKNOWN. 점수표 없이 간이 평균등급 추천용으로 포함. 공식 환산점수 아님.
한신대학교,0000202,본교,학생부교과,학생부우수자전형,2027,0,100,미확인,미확인,평균등급 근사(공식 환산점수 아님),등급,미확인,https://www.adiga.kr/cmm/com/file/fileDown.do?fileId=00000000000000256624&fileSn=1&menuId=PCUVTINF2000&downLogYn=Y&unvCd=0000202&searchSyr=2027,자동초안:subject=UNKNOWN|ratio=DEFAULT_GENERAL100_REVIEW|minreq=UNKNOWN. 점수표 없이 간이 평균등급 추천용으로 포함. 공식 환산점수 아님.
한양대학교,0000203,본교,학생부교과,학생부교과 전형,2027,0,100,전과목,전과목,평균등급 근사(공식 환산점수 아님),등급,없음,https://www.adiga.kr/cmm/com/file/fileDown.do?fileId=00000000000000257097&fileSn=1&menuId=PCUVTINF2000&downLogYn=Y&unvCd=0000203&searchSyr=2027,자동초안:subject=ALL_SUBJECTS|ratio=PDF_CAREER_NOT_REFLECTED|minreq=NO. 점수표 없이 간이 평균등급 추천용으로 포함. 공식 환산점수 아님.
한양대학교(ERICA),0000204,분교,학생부교과,학생부교과,2027,0,100,전과목,전과목,평균등급 근사(공식 환산점수 아님),등급,없음,https://www.adiga.kr/cmm/com/file/fileDown.do?fileId=00000000000000257781&fileSn=1&menuId=PCUVTINF2000&downLogYn=Y&unvCd=0000204&searchSyr=2027,자동초안:subject=ALL_SUBJECTS|ratio=PDF_CAREER_NOT_REFLECTED|minreq=NO. 점수표 없이 간이 평균등급 추천용으로 포함. 공식 환산점수 아님.
협성대학교,0000207,본교,학생부교과,특성화고교졸업자전형,2027,0,100,전과목,전과목,평균등급 근사(공식 환산점수 아님),등급,없음,https://www.adiga.kr/cmm/com/file/fileDown.do?fileId=00000000000000252867&fileSn=1&menuId=PCUVTINF2000&downLogYn=Y&unvCd=0000207&searchSyr=2027,자동초안:subject=ALL_SUBJECTS|ratio=DEFAULT_GENERAL100_REVIEW|minreq=NO. 점수표 없이 간이 평균등급 추천용으로 포함. 공식 환산점수 아님.
협성대학교,0000207,본교,학생부교과,학생부교과우수자전형,2027,0,100,전과목,전과목,평균등급 근사(공식 환산점수 아님),등급,없음,https://www.adiga.kr/cmm/com/file/fileDown.do?fileId=00000000000000252867&fileSn=1&menuId=PCUVTINF2000&downLogYn=Y&unvCd=0000207&searchSyr=2027,자동초안:subject=ALL_SUBJECTS|ratio=DEFAULT_GENERAL100_REVIEW|minreq=NO. 점수표 없이 간이 평균등급 추천용으로 포함. 공식 환산점수 아님.
호남신학대학교,0000209,본교,학생부교과,학생부교과전형,2027,0,100,국·수·영·사·과,국·수·영·사·과,평균등급 근사(공식 환산점수 아님),등급,미확인,https://www.adiga.kr/cmm/com/file/fileDown.do?fileId=00000000000000245186&fileSn=1&menuId=PCUVTINF2000&downLogYn=Y&unvCd=0000209&searchSyr=2027,자동초안:subject=ALL5|ratio=PDF_CAREER_NOT_REFLECTED|minreq=UNKNOWN. 점수표 없이 간이 평균등급 추천용으로 포함. 공식 환산점수 아님.
호서대학교,0000211,본교,학생부교과,특성화고등학교졸업자전형,2027,0,100,국·수·영·사·과,국·수·영·사·과,평균등급 근사(공식 환산점수 아님),등급,없음,https://www.adiga.kr/cmm/com/file/fileDown.do?fileId=00000000000000256550&fileSn=1&menuId=PCUVTINF2000&downLogYn=Y&unvCd=0000211&searchSyr=2027,자동초안:subject=ALL5|ratio=DEFAULT_GENERAL100_REVIEW|minreq=NO. 점수표 없이 간이 평균등급 추천용으로 포함. 공식 환산점수 아님.
호원대학교,0000282,본교,학생부교과,특성화고졸재직자전형,2027,0,100,국·수·영·사·과,국·수·영·사·과,평균등급 근사(공식 환산점수 아님),등급,없음,https://www.adiga.kr/cmm/com/file/fileDown.do?fileId=00000000000000256723&fileSn=1&menuId=PCUVTINF2000&downLogYn=Y&unvCd=0000282&searchSyr=2027,자동초안:subject=ALL5|ratio=DEFAULT_GENERAL100_REVIEW|minreq=NO. 점수표 없이 간이 평균등급 추천용으로 포함. 공식 환산점수 아님.
홍익대학교,0000212,본교,학생부교과,학교장추천자전형/학생부교과전형,2027,0,100,전과목,전과목,평균등급 근사(공식 환산점수 아님),등급,없음,https://www.adiga.kr/cmm/com/file/fileDown.do?fileId=00000000000000257509&fileSn=1&menuId=PCUVTINF2000&downLogYn=Y&unvCd=0000212&searchSyr=2027,자동초안:subject=ALL_SUBJECTS|ratio=DEFAULT_GENERAL100_REVIEW|minreq=NO. 점수표 없이 간이 평균등급 추천용으로 포함. 공식 환산점수 아님.
화성의과학대학교,0000233,본교,학생부교과,학생부교과 기초생활수급자 및 차상위계층 특별전형,2027,0,100,미확인,미확인,평균등급 근사(공식 환산점수 아님),등급,미확인,https://www.adiga.kr/cmm/com/file/fileDown.do?fileId=00000000000000257746&fileSn=1&menuId=PCUVTINF2000&downLogYn=Y&unvCd=0000233&searchSyr=2027,자동초안:subject=UNKNOWN|ratio=DEFAULT_GENERAL100_REVIEW|minreq=UNKNOWN. 점수표 없이 간이 평균등급 추천용으로 포함. 공식 환산점수 아님.
화성의과학대학교,0000233,본교,학생부교과,학생부교과 농어촌고교 특별전형,2027,0,100,미확인,미확인,평균등급 근사(공식 환산점수 아님),등급,미확인,https://www.adiga.kr/cmm/com/file/fileDown.do?fileId=00000000000000257746&fileSn=1&menuId=PCUVTINF2000&downLogYn=Y&unvCd=0000233&searchSyr=2027,자동초안:subject=UNKNOWN|ratio=DEFAULT_GENERAL100_REVIEW|minreq=UNKNOWN. 점수표 없이 간이 평균등급 추천용으로 포함. 공식 환산점수 아님.
화성의과학대학교,0000233,본교,학생부교과,학생부교과 일반전형,2027,0,100,미확인,미확인,평균등급 근사(공식 환산점수 아님),등급,미확인,https://www.adiga.kr/cmm/com/file/fileDown.do?fileId=00000000000000257746&fileSn=1&menuId=PCUVTINF2000&downLogYn=Y&unvCd=0000233&searchSyr=2027,자동초안:subject=UNKNOWN|ratio=DEFAULT_GENERAL100_REVIEW|minreq=UNKNOWN. 점수표 없이 간이 평균등급 추천용으로 포함. 공식 환산점수 아님.
화성의과학대학교,0000233,본교,학생부교과,학생부교과 특성화고교 졸업자 특별전형,2027,0,100,미확인,미확인,평균등급 근사(공식 환산점수 아님),등급,미확인,https://www.adiga.kr/cmm/com/file/fileDown.do?fileId=00000000000000257746&fileSn=1&menuId=PCUVTINF2000&downLogYn=Y&unvCd=0000233&searchSyr=2027,자동초안:subject=UNKNOWN|ratio=DEFAULT_GENERAL100_REVIEW|minreq=UNKNOWN. 점수표 없이 간이 평균등급 추천용으로 포함. 공식 환산점수 아님.
